ticker	flow	energy	structure	structure_shift	mp_state	mp_accel_state	day_vol	lens	lens.coil	lens.structure	lens.resistance	sma_distance_pct	ma_20	ma_50	ma_200	atr_14d	atr_caution	pin_bar_state	choch_state	div_state	div_bear_count	entry	bracket.stop	bracket.stop_type	bracket.stop_atr_dist	bracket.risk_pct	bracket.rr	bracket.valid	bracket.targets	squeeze_breakout_state	was_squeezed	squeeze_breakout_volume_confirmed	elder_context.vcp.base_range_pct	elder_context.vcp.vcp_tightness_pct	elder_pattern	bracket.atr_fallback_stop	bracket.invalid_reason
KMI	67.1	43.7	40.0	RANGE	FADING	DECELERATING	1.13	"{""leadership"": ""warn"", ""coil"": ""strong"", ""insti_money"": ""strong"", ""structure"": ""ok"", ""resistance"": ""ok"", ""extension"": null, ""sector"": ""strong""}"	strong	ok	ok	-3.26	31.72	32.03	30.83	0.78	False	NONE	BEARISH	NONE	0	30.98	null	null	null	null	null	False	"[{""type"": ""resistance"", ""price"": 32.79, ""date"": ""2026-07-09"", ""atr_dist"": 2.32}, {""type"": ""resistance"", ""price"": 33.26, ""date"": ""2026-07-23"", ""atr_dist"": 2.93}, {""type"": ""resistance"", ""price"": 34.73, ""date"": ""2026-03-27"", ""atr_dist"": 4.81}, {""type"": ""fib_1272"", ""price"": 35.88, ""atr_dist"": 6.29}, {""type"": ""fib_1618"", ""price"": 37.24, ""atr_dist"": 8.04}, {""type"": ""fib_2000"", ""price"": 38.74, ""atr_dist"": 9.96}, {""type"": ""fib_2618"", ""price"": 41.17, ""atr_dist"": 13.08}]"	NONE	True	False	null	null	null	30.2	no valid bracket — no structural support passes the 3 gates (atr≥1.0, rr≥2.0, risk%≤regime ceiling)
PEP	78.9	78.2	54.7	null	FADING	ACCELERATING	0.95	"{""leadership"": ""warn"", ""coil"": ""strong"", ""insti_money"": ""strong"", ""structure"": ""--"", ""resistance"": ""warn"", ""extension"": null, ""sector"": ""strong""}"	strong	--	warn	2.45	140.18	140.05	148.95	2.68	False	NONE	BULLISH	NONE	0	143.48	null	null	null	null	null	False	"[{""type"": ""resistance"", ""price"": 145.43, ""date"": ""2026-07-28"", ""atr_dist"": 0.73, ""vol_ratio"": 1.13, ""vol_validated"": false}, {""type"": ""resistance"", ""price"": 147.64, ""date"": ""2026-06-16"", ""atr_dist"": 1.55, ""vol_ratio"": 1.06, ""vol_validated"": false}, {""type"": ""resistance"", ""price"": 149.04, ""date"": ""2026-07-07"", ""atr_dist"": 2.07, ""vol_ratio"": 0.92, ""vol_validated"": false}, {""type"": ""resistance"", ""price"": 158.39, ""date"": ""2026-03-30"", ""atr_dist"": 5.56, ""vol_ratio"": 1.61, ""vol_validated"": true}]"	NONE	True	False	6.2	68.8	ACCELERATION	140.8	no valid bracket — no structural support passes the 3 gates (atr≥1.0, rr≥2.0, risk%≤regime ceiling)
P	67.1	58.8	61.1	ABOVE_STRUCTURE	FADING	DECELERATING	0.85	"{""leadership"": ""strong"", ""coil"": ""warn"", ""insti_money"": ""ok"", ""structure"": ""ok"", ""resistance"": ""warn"", ""extension"": null, ""sector"": ""warn""}"	warn	ok	warn	31.19	95.63	82.74	74.95	5.32	False	NONE	BULLISH	NONE	0	108.55	null	null	null	null	null	False	"[{""type"": ""prior_high"", ""price"": 119.1, ""atr_dist"": 1.98}, {""type"": ""fib_1272"", ""price"": 132.94, ""atr_dist"": 4.59}, {""type"": ""fib_1618"", ""price"": 150.54, ""atr_dist"": 7.9}, {""type"": ""fib_2000"", ""price"": 169.97, ""atr_dist"": 11.55}, {""type"": ""fib_2618"", ""price"": 201.41, ""atr_dist"": 17.46}]"	NONE	False	False	54.3	18.8	null	103.23	no valid bracket — no structural support passes the 3 gates (atr≥1.0, rr≥2.0, risk%≤regime ceiling)
CVE	65.8	63.9	68.8	ABOVE_STRUCTURE	BUILDING	DECELERATING	0.53	"{""leadership"": ""strong"", ""coil"": ""warn"", ""insti_money"": ""strong"", ""structure"": ""ok"", ""resistance"": ""strong"", ""extension"": null, ""sector"": ""strong""}"	warn	ok	strong	17.76	30.08	27.96	23.88	0.93	False	NONE	BULLISH	BEARISH	1	32.93	null	null	null	null	null	False	"[{""type"": ""prior_high"", ""price"": 33.4, ""atr_dist"": 0.51}, {""type"": ""fib_1272"", ""price"": 34.95, ""atr_dist"": 2.18}, {""type"": ""fib_1618"", ""price"": 36.92, ""atr_dist"": 4.31}, {""type"": ""fib_2000"", ""price"": 39.1, ""atr_dist"": 6.66}, {""type"": ""fib_2618"", ""price"": 42.62, ""atr_dist"": 10.46}]"	NONE	False	False	19.9	33.2	null	32.0	no valid bracket — no structural support passes the 3 gates (atr≥1.0, rr≥2.0, risk%≤regime ceiling)
AZN	52.6	37.8	42.1	BEARISH_CHOCH	BUILDING	ACCELERATING	0.73	"{""leadership"": ""warn"", ""coil"": ""ok"", ""insti_money"": ""strong"", ""structure"": ""warn"", ""resistance"": ""warn"", ""extension"": null, ""sector"": ""strong""}"	ok	warn	warn	-3.58	162.96	172.15	184.02	4.05	False	NONE	BEARISH	NONE	0	165.98	154.53	swing_low_1	2.83	6.9	2.23	True	"[{""type"": ""resistance"", ""price"": 175.04, ""tp"": ""TP1"", ""r"": 0.79, ""atr_dist"": 2.24, ""date"": ""2026-07-29"", ""vol_ratio"": 0.77, ""vol_validated"": false}, {""type"": ""resistance"", ""price"": 191.5, ""tp"": ""TP2"", ""r"": 2.23, ""atr_dist"": 6.3, ""date"": ""2026-05-21"", ""vol_ratio"": 1.06, ""vol_validated"": false}, {""type"": ""resistance"", ""price"": 196.41, ""tp"": ""TP3"", ""r"": 2.66, ""atr_dist"": 7.52, ""date"": ""2026-07-02"", ""vol_ratio"": 1.17, ""vol_validated"": false}, {""type"": ""resistance"", ""price"": 207.3, ""tp"": null, ""r"": 3.61, ""atr_dist"": 10.21, ""date"": ""2026-04-10"", ""vol_ratio"": 0.84, ""vol_validated"": false}, {""type"": ""fib_1272"", ""price"": 214.08, ""tp"": null, ""r"": 4.2, ""atr_dist"": 11.88}, {""type"": ""fib_1618"", ""price"": 222.69, ""tp"": null, ""r"": 4.95, ""atr_dist"": 14.01}, {""type"": ""fib_2000"", ""price"": 232.21, ""tp"": null, ""r"": 5.78, ""atr_dist"": 16.36}, {""type"": ""fib_2618"", ""price"": 247.6, ""tp"": null, ""r"": 7.13, ""atr_dist"": 20.16}]"	NONE	False	False	13.2	53.9	ACCELERATION	161.93	null
SPGI	73.7	71.4	61.1	RANGE	BUILDING	ACCELERATING	0.85	"{""leadership"": ""warn"", ""coil"": ""strong"", ""insti_money"": ""strong"", ""structure"": ""ok"", ""resistance"": ""warn"", ""extension"": null, ""sector"": ""warn""}"	strong	ok	warn	3.5	417.64	416.7	449.48	11.03	False	NONE	BULLISH	NONE	0	431.29	null	null	null	null	null	False	"[{""type"": ""resistance"", ""price"": 442.0, ""date"": ""2026-04-08"", ""atr_dist"": 0.97, ""vol_ratio"": 0.64, ""vol_validated"": false}, {""type"": ""resistance"", ""price"": 450.32, ""date"": ""2026-07-07"", ""atr_dist"": 1.72, ""vol_ratio"": 1.07, ""vol_validated"": false}, {""type"": ""resistance"", ""price"": 456.7, ""date"": ""2026-04-22"", ""atr_dist"": 2.3, ""vol_ratio"": 0.72, ""vol_validated"": false}, {""type"": ""fib_1272"", ""price"": 486.57, ""atr_dist"": 5.01}, {""type"": ""fib_1618"", ""price"": 517.81, ""atr_dist"": 7.84}, {""type"": ""fib_2000"", ""price"": 552.29, ""atr_dist"": 10.97}, {""type"": ""fib_2618"", ""price"": 608.08, ""atr_dist"": 16.02}]"	NONE	False	False	9.3	64.4	ACCELERATION	420.26	no valid bracket — no structural support passes the 3 gates (atr≥1.0, rr≥2.0, risk%≤regime ceiling)
FBP	36.8	63.9	60.0	BEARISH_CHOCH	FADING	DECELERATING	0.84	"{""leadership"": ""strong"", ""coil"": ""strong"", ""insti_money"": ""warn"", ""structure"": ""warn"", ""resistance"": ""ok"", ""extension"": null, ""sector"": ""warn""}"	strong	warn	ok	3.55	29.0	27.54	23.33	0.51	False	NONE	BEARISH	NONE	0	28.52	null	null	null	null	null	False	"[{""type"": ""resistance"", ""price"": 29.42, ""date"": ""2026-08-04"", ""atr_dist"": 1.77}, {""type"": ""prior_high"", ""price"": 29.88, ""atr_dist"": 2.68}, {""type"": ""fib_1272"", ""price"": 30.22, ""atr_dist"": 3.35}, {""type"": ""fib_1618"", ""price"": 30.65, ""atr_dist"": 4.19}, {""type"": ""fib_2000"", ""price"": 31.13, ""atr_dist"": 5.14}, {""type"": ""fib_2618"", ""price"": 31.9, ""atr_dist"": 6.65}]"	NONE	True	False	null	null	null	28.01	no valid bracket — no structural support passes the 3 gates (atr≥1.0, rr≥2.0, risk%≤regime ceiling)
AMT	31.6	71.4	49.5	BEARISH_CHOCH	FADING	ACCELERATING	0.62	"{""leadership"": ""warn"", ""coil"": ""strong"", ""insti_money"": ""warn"", ""structure"": ""warn"", ""resistance"": ""warn"", ""extension"": null, ""sector"": ""ok""}"	strong	warn	warn	2.24	172.74	171.95	177.88	4.49	False	NONE	BULLISH	BULLISH	0	175.8	null	null	null	null	null	False	"[{""type"": ""resistance"", ""price"": 180.37, ""date"": ""2026-07-29"", ""atr_dist"": 1.02, ""vol_ratio"": 1.67, ""vol_validated"": true}, {""type"": ""resistance"", ""price"": 183.43, ""date"": ""2026-04-20"", ""atr_dist"": 1.7, ""vol_ratio"": 0.84, ""vol_validated"": false}, {""type"": ""resistance"", ""price"": 188.59, ""date"": ""2026-05-27"", ""atr_dist"": 2.85, ""vol_ratio"": 0.95, ""vol_validated"": false}, {""type"": ""resistance"", ""price"": 196.08, ""date"": ""2026-06-05"", ""atr_dist"": 4.52, ""vol_ratio"": 0.93, ""vol_validated"": false}, {""type"": ""fib_1272"", ""price"": 200.05, ""atr_dist"": 5.4}, {""type"": ""fib_1618"", ""price"": 205.11, ""atr_dist"": 6.53}, {""type"": ""fib_2000"", ""price"": 210.69, ""atr_dist"": 7.77}, {""type"": ""fib_2618"", ""price"": 219.72, ""atr_dist"": 9.78}]"	NONE	True	False	10.4	43.4	ACCELERATION	171.31	no valid bracket — no structural support passes the 3 gates (atr≥1.0, rr≥2.0, risk%≤regime ceiling)
BMY	53.9	82.4	71.6	RANGE	FADING	ACCELERATING	0.54	"{""leadership"": ""strong"", ""coil"": ""strong"", ""insti_money"": ""warn"", ""structure"": ""ok"", ""resistance"": ""strong"", ""extension"": null, ""sector"": ""strong""}"	strong	ok	strong	10.63	64.73	60.57	57.14	1.8	False	NONE	BULLISH	NONE	0	67.01	null	null	null	null	null	False	"[{""type"": ""resistance"", ""price"": 68.1, ""date"": ""2026-08-03"", ""atr_dist"": 0.61, ""vol_ratio"": 2.7, ""vol_validated"": true}, {""type"": ""fib_1272"", ""price"": 70.17, ""atr_dist"": 1.76}, {""type"": ""fib_1618"", ""price"": 72.13, ""atr_dist"": 2.85}, {""type"": ""fib_2000"", ""price"": 74.28, ""atr_dist"": 4.04}, {""type"": ""fib_2618"", ""price"": 77.77, ""atr_dist"": 5.98}]"	NONE	True	False	9.8	81.5	CORRECTION_REENTRY	65.21	no valid bracket — no structural support passes the 3 gates (atr≥1.0, rr≥2.0, risk%≤regime ceiling)
KMX	78.9	78.2	82.1	BULLISH_BOS	BUILDING	ACCELERATING	0.75	"{""leadership"": ""ok"", ""coil"": ""strong"", ""insti_money"": ""strong"", ""structure"": ""strong"", ""resistance"": ""ok"", ""extension"": null, ""sector"": ""strong""}"	strong	strong	ok	11.67	58.74	55.64	44.89	2.14	False	NONE	BULLISH	NONE	0	62.13	null	null	null	null	null	False	"[{""type"": ""prior_high"", ""price"": 63.0, ""atr_dist"": 0.41}, {""type"": ""fib_1272"", ""price"": 64.84, ""atr_dist"": 1.27}, {""type"": ""fib_1618"", ""price"": 67.19, ""atr_dist"": 2.37}, {""type"": ""fib_2000"", ""price"": 69.78, ""atr_dist"": 3.58}, {""type"": ""fib_2618"", ""price"": 73.97, ""atr_dist"": 5.54}]"	NONE	True	False	11.4	84.1	INTERRUPTED	59.99	no valid bracket — no structural support passes the 3 gates (atr≥1.0, rr≥2.0, risk%≤regime ceiling)
MDT	59.2	62.2	68.4	null	STRONG	ACCELERATING	1.07	"{""leadership"": ""warn"", ""coil"": ""warn"", ""insti_money"": ""warn"", ""structure"": ""--"", ""resistance"": ""strong"", ""extension"": null, ""sector"": ""strong""}"	warn	--	strong	10.67	88.84	84.35	89.8	2.15	False	NONE	BULLISH	NONE	0	93.35	null	null	null	null	null	False	[]	NONE	False	False	12.9	38.8	null	91.2	no valid bracket — no structural resistance above price
GSK	40.8	49.6	36.8	RANGE	BUILDING	ACCELERATING	0.58	"{""leadership"": ""warn"", ""coil"": ""ok"", ""insti_money"": ""strong"", ""structure"": ""ok"", ""resistance"": ""ok"", ""extension"": null, ""sector"": ""strong""}"	ok	ok	ok	1.05	51.72	51.87	52.11	1.2	False	NONE	BEARISH	NONE	0	52.41	null	null	null	null	null	False	"[{""type"": ""resistance"", ""price"": 53.09, ""date"": ""2026-08-07"", ""atr_dist"": 0.57, ""vol_ratio"": 0.54, ""vol_validated"": false}, {""type"": ""resistance"", ""price"": 54.29, ""date"": ""2026-07-07"", ""atr_dist"": 1.57, ""vol_ratio"": 0.9, ""vol_validated"": false}, {""type"": ""resistance"", ""price"": 55.79, ""date"": ""2026-07-28"", ""atr_dist"": 2.82, ""vol_ratio"": 1.91, ""vol_validated"": true}, {""type"": ""resistance"", ""price"": 59.57, ""date"": ""2026-04-14"", ""atr_dist"": 5.98, ""vol_ratio"": 0.88, ""vol_validated"": false}, {""type"": ""fib_1272"", ""price"": 61.75, ""atr_dist"": 7.8}, {""type"": ""fib_1618"", ""price"": 64.53, ""atr_dist"": 10.12}, {""type"": ""fib_2000"", ""price"": 67.59, ""atr_dist"": 12.67}, {""type"": ""fib_2618"", ""price"": 72.55, ""atr_dist"": 16.81}]"	NONE	False	False	13.2	45.1	ACCELERATION	51.21	no valid bracket — no structural support passes the 3 gates (atr≥1.0, rr≥2.0, risk%≤regime ceiling)
TEM	100.0	59.7	84.2	ABOVE_STRUCTURE	STRONG	ACCELERATING	2.5	"{""leadership"": ""warn"", ""coil"": ""warn"", ""insti_money"": ""ok"", ""structure"": ""ok"", ""resistance"": ""ok"", ""extension"": null, ""sector"": ""strong""}"	warn	ok	ok	38.04	51.34	52.66	56.78	4.42	False	NONE	BULLISH	NONE	0	72.69	null	null	null	null	null	False	"[{""type"": ""prior_high"", ""price"": 72.96, ""atr_dist"": 0.06}, {""type"": ""fib_1272"", ""price"": 81.72, ""atr_dist"": 2.04}, {""type"": ""fib_1618"", ""price"": 92.85, ""atr_dist"": 4.57}, {""type"": ""fib_2000"", ""price"": 105.15, ""atr_dist"": 7.35}, {""type"": ""fib_2618"", ""price"": 125.04, ""atr_dist"": 11.85}]"	NONE	False	False	56.6	68.2	ACCELERATION	68.27	no valid bracket — no structural support passes the 3 gates (atr≥1.0, rr≥2.0, risk%≤regime ceiling)
AMGN	78.9	63.0	73.7	ABOVE_STRUCTURE	FADING	ACCELERATING	0.76	"{""leadership"": ""strong"", ""coil"": ""warn"", ""insti_money"": ""strong"", ""structure"": ""ok"", ""resistance"": ""ok"", ""extension"": null, ""sector"": ""strong""}"	warn	ok	ok	15.93	408.16	378.96	352.83	10.99	False	NONE	BULLISH	NONE	0	439.33	null	null	null	null	null	False	"[{""type"": ""prior_high"", ""price"": 443.2, ""atr_dist"": 0.35}, {""type"": ""fib_1272"", ""price"": 467.48, ""atr_dist"": 2.56}, {""type"": ""fib_1618"", ""price"": 498.36, ""atr_dist"": 5.37}, {""type"": ""fib_2000"", ""price"": 532.45, ""atr_dist"": 8.48}, {""type"": ""fib_2618"", ""price"": 587.61, ""atr_dist"": 13.5}]"	NONE	False	False	16.8	45.7	null	428.34	no valid bracket — no structural support passes the 3 gates (atr≥1.0, rr≥2.0, risk%≤regime ceiling)
SPOT	34.2	71.4	78.9	BULLISH_BOS	BUILDING	ACCELERATING	0.7	"{""leadership"": ""warn"", ""coil"": ""ok"", ""insti_money"": ""warn"", ""structure"": ""strong"", ""resistance"": ""strong"", ""extension"": null, ""sector"": ""strong""}"	ok	strong	strong	9.74	504.26	486.34	511.51	21.71	False	NONE	BULLISH	NONE	0	533.72	null	null	null	null	null	False	"[{""type"": ""resistance"", ""price"": 534.0, ""date"": ""2026-05-22"", ""atr_dist"": 0.01, ""vol_ratio"": 1.78, ""vol_validated"": true}, {""type"": ""prior_high"", ""price"": 570.64, ""atr_dist"": 1.7}, {""type"": ""fib_1272"", ""price"": 592.03, ""atr_dist"": 2.69}, {""type"": ""fib_1618"", ""price"": 619.24, ""atr_dist"": 3.94}, {""type"": ""fib_2000"", ""price"": 649.28, ""atr_dist"": 5.32}, {""type"": ""fib_2618"", ""price"": 697.88, ""atr_dist"": 7.56}]"	NONE	False	False	16.5	63.8	ACCELERATION	512.01	no valid bracket — no structural support passes the 3 gates (atr≥1.0, rr≥2.0, risk%≤regime ceiling)
KR	56.6	58.2	36.8	BEARISH_CHOCH	BUILDING	ACCELERATING	0.94	"{""leadership"": ""warn"", ""coil"": ""strong"", ""insti_money"": ""strong"", ""structure"": ""warn"", ""resistance"": ""warn"", ""extension"": null, ""sector"": ""strong""}"	strong	warn	warn	-0.45	57.25	58.16	64.39	1.48	False	NONE	BEARISH	NONE	0	57.9	56.28	swing_low_3	1.09	2.8	4.41	True	"[{""type"": ""resistance"", ""price"": 60.72, ""tp"": ""TP1"", ""r"": 1.74, ""atr_dist"": 1.9, ""date"": ""2026-07-28"", ""vol_ratio"": 0.87, ""vol_validated"": false}, {""type"": ""resistance"", ""price"": 65.04, ""tp"": ""TP2"", ""r"": 4.41, ""atr_dist"": 4.81, ""date"": ""2026-06-11"", ""vol_ratio"": 0.99, ""vol_validated"": false}, {""type"": ""resistance"", ""price"": 69.32, ""tp"": ""TP3"", ""r"": 7.05, ""atr_dist"": 7.7, ""date"": ""2026-04-23"", ""vol_ratio"": 0.9, ""vol_validated"": false}, {""type"": ""resistance"", ""price"": 71.71, ""tp"": null, ""r"": 8.52, ""atr_dist"": 9.31, ""date"": ""2026-05-19"", ""vol_ratio"": 1.62, ""vol_validated"": true}, {""type"": ""prior_high"", ""price"": 76.58, ""tp"": null, ""r"": 11.53, ""atr_dist"": 12.59}, {""type"": ""fib_1272"", ""price"": 79.14, ""tp"": null, ""r"": 13.11, ""atr_dist"": 14.31}, {""type"": ""fib_1618"", ""price"": 82.39, ""tp"": null, ""r"": 15.12, ""atr_dist"": 16.5}, {""type"": ""fib_2000"", ""price"": 85.98, ""tp"": null, ""r"": 17.33, ""atr_dist"": 18.92}, {""type"": ""fib_2618"", ""price"": 91.79, ""tp"": null, ""r"": 20.92, ""atr_dist"": 22.84}]"	NONE	True	False	9.8	52.6	ACCUMULATION_BASE	56.42	null
DVN	67.1	62.2	71.6	ABOVE_STRUCTURE	FADING	ACCELERATING	0.81	"{""leadership"": ""strong"", ""coil"": ""warn"", ""insti_money"": ""warn"", ""structure"": ""ok"", ""resistance"": ""strong"", ""extension"": null, ""sector"": ""strong""}"	warn	ok	strong	11.91	45.21	43.87	42.82	1.3	False	NONE	BULLISH	BULLISH	0	49.1	null	null	null	null	null	False	"[{""type"": ""resistance"", ""price"": 50.37, ""date"": ""2026-05-19"", ""atr_dist"": 0.97, ""vol_ratio"": 0.81, ""vol_validated"": false}, {""type"": ""resistance"", ""price"": 51.95, ""date"": ""2026-05-05"", ""atr_dist"": 2.19, ""vol_ratio"": 1.22, ""vol_validated"": true}, {""type"": ""resistance"", ""price"": 52.71, ""date"": ""2026-03-30"", ""atr_dist"": 2.77, ""vol_ratio"": 0.64, ""vol_validated"": false}, {""type"": ""fib_1272"", ""price"": 55.43, ""atr_dist"": 4.86}, {""type"": ""fib_1618"", ""price"": 58.9, ""atr_dist"": 7.52}, {""type"": ""fib_2000"", ""price"": 62.72, ""atr_dist"": 10.45}, {""type"": ""fib_2618"", ""price"": 68.91, ""atr_dist"": 15.2}]"	NONE	False	False	16.7	45.9	SUSTAINED	47.8	no valid bracket — no structural support passes the 3 gates (atr≥1.0, rr≥2.0, risk%≤regime ceiling)
NWL	65.8	68.1	54.5	RANGE	BUILDING	DECELERATING	0.45	"{""leadership"": ""warn"", ""coil"": ""strong"", ""insti_money"": ""strong"", ""structure"": ""ok"", ""resistance"": ""warn"", ""extension"": null, ""sector"": ""strong""}"	strong	ok	warn	10.25	5.88	5.52	4.34	0.35	False	NONE	BULLISH	NONE	0	6.09	null	null	null	null	null	False	"[{""type"": ""resistance"", ""price"": 6.2, ""date"": ""2026-07-01"", ""atr_dist"": 0.32, ""vol_ratio"": 0.75, ""vol_validated"": false}, {""type"": ""resistance"", ""price"": 7.13, ""date"": ""2026-07-31"", ""atr_dist"": 3.01, ""vol_ratio"": 4.53, ""vol_validated"": true}, {""type"": ""fib_1272"", ""price"": 7.73, ""atr_dist"": 4.74}, {""type"": ""fib_1618"", ""price"": 8.49, ""atr_dist"": 6.94}, {""type"": ""fib_2000"", ""price"": 9.33, ""atr_dist"": 9.36}, {""type"": ""fib_2618"", ""price"": 10.69, ""atr_dist"": 13.29}]"	NONE	False	False	35.1	22.3	INTERRUPTED	5.74	no valid bracket — no structural support passes the 3 gates (atr≥1.0, rr≥2.0, risk%≤regime ceiling)
NOW	53.9	73.1	89.5	ABOVE_STRUCTURE	BUILDING	ACCELERATING	0.56	"{""leadership"": ""warn"", ""coil"": ""ok"", ""insti_money"": ""warn"", ""structure"": ""ok"", ""resistance"": ""strong"", ""extension"": null, ""sector"": ""strong""}"	ok	ok	strong	17.96	119.94	108.92	120.31	6.27	False	NONE	BULLISH	NONE	0	128.48	120.31	ma200	1.3	6.36	3.1	True	"[{""type"": ""resistance"", ""price"": 139.2, ""tp"": ""TP1"", ""r"": 1.31, ""atr_dist"": 1.71, ""date"": ""2026-06-01"", ""vol_ratio"": 2.08, ""vol_validated"": true}, {""type"": ""fib_1272"", ""price"": 153.82, ""tp"": ""TP2"", ""r"": 3.1, ""atr_dist"": 4.04}, {""type"": ""fib_1618"", ""price"": 172.42, ""tp"": ""TP3"", ""r"": 5.38, ""atr_dist"": 7.01}, {""type"": ""fib_2000"", ""price"": 192.96, ""tp"": null, ""r"": 7.89, ""atr_dist"": 10.29}, {""type"": ""fib_2618"", ""price"": 226.18, ""tp"": null, ""r"": 11.96, ""atr_dist"": 15.59}]"	NONE	False	False	26.6	41.0	INTERRUPTED	122.21	null
GPN	57.9	81.5	74.7	RANGE	STRONG	DECELERATING	1.31	"{""leadership"": ""warn"", ""coil"": ""ok"", ""insti_money"": ""warn"", ""structure"": ""ok"", ""resistance"": ""ok"", ""extension"": null, ""sector"": ""warn""}"	ok	ok	ok	17.59	88.65	79.5	74.87	3.14	False	NONE	BULLISH	BEARISH	2	93.49	null	null	null	null	null	False	"[{""type"": ""resistance"", ""price"": 95.58, ""date"": ""2026-08-13"", ""atr_dist"": 0.67, ""vol_ratio"": 1.07, ""vol_validated"": false}, {""type"": ""fib_1272"", ""price"": 98.68, ""atr_dist"": 1.65}, {""type"": ""fib_1618"", ""price"": 102.61, ""atr_dist"": 2.91}, {""type"": ""fib_2000"", ""price"": 106.96, ""atr_dist"": 4.29}, {""type"": ""fib_2618"", ""price"": 113.99, ""atr_dist"": 6.53}]"	NONE	False	False	15.3	31.6	INTERRUPTED	90.35	no valid bracket — no structural support passes the 3 gates (atr≥1.0, rr≥2.0, risk%≤regime ceiling)
TOST	51.3	73.1	78.9	BULLISH_BOS	STRONG	ACCELERATING	0.8	"{""leadership"": ""warn"", ""coil"": ""ok"", ""insti_money"": ""warn"", ""structure"": ""strong"", ""resistance"": ""ok"", ""extension"": null, ""sector"": ""strong""}"	ok	strong	ok	20.78	34.12	30.34	30.21	1.28	False	NONE	BULLISH	BEARISH	1	36.64	null	null	null	null	null	False	"[{""type"": ""prior_high"", ""price"": 36.68, ""atr_dist"": 0.03}, {""type"": ""fib_1272"", ""price"": 37.62, ""atr_dist"": 0.77}, {""type"": ""fib_1618"", ""price"": 38.82, ""atr_dist"": 1.7}, {""type"": ""fib_2000"", ""price"": 40.14, ""atr_dist"": 2.74}, {""type"": ""fib_2618"", ""price"": 42.28, ""atr_dist"": 4.41}]"	NONE	False	False	21.1	38.2	ACCUMULATION_BASE	35.36	no valid bracket — no structural support passes the 3 gates (atr≥1.0, rr≥2.0, risk%≤regime ceiling)
CP	42.1	63.9	71.6	ABOVE_STRUCTURE	BUILDING	ACCELERATING	0.64	"{""leadership"": ""strong"", ""coil"": ""warn"", ""insti_money"": ""ok"", ""structure"": ""ok"", ""resistance"": ""strong"", ""extension"": null, ""sector"": ""warn""}"	warn	ok	strong	7.09	92.11	90.29	82.08	1.85	False	NONE	BULLISH	NONE	0	96.69	null	null	null	null	null	False	"[{""type"": ""prior_high"", ""price"": 96.9, ""atr_dist"": 0.11}, {""type"": ""fib_1272"", ""price"": 99.54, ""atr_dist"": 1.54}, {""type"": ""fib_1618"", ""price"": 102.89, ""atr_dist"": 3.34}, {""type"": ""fib_2000"", ""price"": 106.6, ""atr_dist"": 5.35}, {""type"": ""fib_2618"", ""price"": 112.59, ""atr_dist"": 8.58}]"	NONE	False	False	10.5	39.0	CORRECTION_REENTRY	94.84	no valid bracket — no structural support passes the 3 gates (atr≥1.0, rr≥2.0, risk%≤regime ceiling)
MDLZ	73.7	84.9	63.2	RANGE	BUILDING	ACCELERATING	0.67	"{""leadership"": ""warn"", ""coil"": ""strong"", ""insti_money"": ""strong"", ""structure"": ""ok"", ""resistance"": ""warn"", ""extension"": null, ""sector"": ""strong""}"	strong	ok	warn	5.09	62.78	61.33	58.81	1.43	False	NONE	BULLISH	NONE	0	64.45	62.78	ma20	1.17	2.59	2.75	True	"[{""type"": ""resistance"", ""price"": 66.65, ""tp"": ""TP1"", ""r"": 1.32, ""atr_dist"": 1.54, ""date"": ""2026-07-29"", ""vol_ratio"": 2.1, ""vol_validated"": true}, {""type"": ""fib_1272"", ""price"": 69.05, ""tp"": ""TP2"", ""r"": 2.75, ""atr_dist"": 3.22}, {""type"": ""fib_1618"", ""price"": 72.11, ""tp"": ""TP3"", ""r"": 4.59, ""atr_dist"": 5.36}, {""type"": ""fib_2000"", ""price"": 75.48, ""tp"": null, ""r"": 6.6, ""atr_dist"": 7.72}, {""type"": ""fib_2618"", ""price"": 80.94, ""tp"": null, ""r"": 9.87, ""atr_dist"": 11.55}]"	NONE	True	False	10.4	41.0	ACCELERATION	63.02	null
BRO	55.3	86.6	66.3	RANGE	BUILDING	ACCELERATING	0.55	"{""leadership"": ""warn"", ""coil"": ""strong"", ""insti_money"": ""warn"", ""structure"": ""ok"", ""resistance"": ""warn"", ""extension"": null, ""sector"": ""warn""}"	strong	ok	warn	8.05	71.35	67.49	69.78	2.15	False	NONE	BULLISH	NONE	0	72.92	null	null	null	null	null	False	"[{""type"": ""resistance"", ""price"": 75.63, ""date"": ""2026-07-29"", ""atr_dist"": 1.26, ""vol_ratio"": 1.26, ""vol_validated"": true}, {""type"": ""fib_1272"", ""price"": 78.57, ""atr_dist"": 2.63}, {""type"": ""fib_1618"", ""price"": 82.31, ""atr_dist"": 4.37}, {""type"": ""fib_2000"", ""price"": 86.44, ""atr_dist"": 6.29}, {""type"": ""fib_2618"", ""price"": 93.12, ""atr_dist"": 9.4}]"	NONE	True	False	11.1	59.7	ACCUMULATION_BASE	70.77	no valid bracket — no structural support passes the 3 gates (atr≥1.0, rr≥2.0, risk%≤regime ceiling)
RIVN	65.8	56.2	44.2	ABOVE_STRUCTURE	BUILDING	ACCELERATING	1.54	"{""leadership"": ""warn"", ""coil"": ""strong"", ""insti_money"": ""ok"", ""structure"": ""ok"", ""resistance"": ""warn"", ""extension"": null, ""sector"": ""strong""}"	strong	ok	warn	3.33	15.89	16.42	16.27	0.83	False	NONE	BULLISH	BULLISH	0	16.97	null	null	null	null	null	False	"[{""type"": ""resistance"", ""price"": 17.12, ""date"": ""2026-03-19"", ""atr_dist"": 0.18, ""vol_ratio"": 2.77, ""vol_validated"": true}, {""type"": ""resistance"", ""price"": 17.56, ""date"": ""2026-03-10"", ""atr_dist"": 0.71, ""vol_ratio"": 1.5, ""vol_validated"": true}, {""type"": ""resistance"", ""price"": 18.07, ""date"": ""2026-04-22"", ""atr_dist"": 1.33, ""vol_ratio"": 1.12, ""vol_validated"": false}, {""type"": ""resistance"", ""price"": 18.55, ""date"": ""2026-06-04"", ""atr_dist"": 1.91, ""vol_ratio"": 1.06, ""vol_validated"": false}, {""type"": ""prior_high"", ""price"": 20.2, ""atr_dist"": 3.91}, {""type"": ""fib_1272"", ""price"": 21.79, ""atr_dist"": 5.84}, {""type"": ""fib_1618"", ""price"": 23.82, ""atr_dist"": 8.29}, {""type"": ""fib_2000"", ""price"": 26.05, ""atr_dist"": 10.99}, {""type"": ""fib_2618"", ""price"": 29.67, ""atr_dist"": 15.38}]"	NONE	True	False	17.6	99.0	INTERRUPTED	16.14	no valid bracket — no structural support passes the 3 gates (atr≥1.0, rr≥2.0, risk%≤regime ceiling)
VLO	68.4	63.9	68.4	ABOVE_STRUCTURE	STRONG	FLAT	0.74	"{""leadership"": ""strong"", ""coil"": ""warn"", ""insti_money"": ""ok"", ""structure"": ""ok"", ""resistance"": ""strong"", ""extension"": null, ""sector"": ""strong""}"	warn	ok	strong	19.02	321.86	293.1	230.68	10.81	False	NONE	BULLISH	NONE	0	348.86	null	null	null	null	null	False	"[{""type"": ""prior_high"", ""price"": 352.7, ""atr_dist"": 0.36}, {""type"": ""fib_1272"", ""price"": 369.36, ""atr_dist"": 1.9}, {""type"": ""fib_1618"", ""price"": 390.55, ""atr_dist"": 3.86}, {""type"": ""fib_2000"", ""price"": 413.94, ""atr_dist"": 6.02}, {""type"": ""fib_2618"", ""price"": 451.79, ""atr_dist"": 9.52}]"	NONE	False	False	19.0	18.8	null	338.05	no valid bracket — no structural support passes the 3 gates (atr≥1.0, rr≥2.0, risk%≤regime ceiling)
TRI	40.8	87.4	68.4	RANGE	STRONG	ACCELERATING	0.62	"{""leadership"": ""warn"", ""coil"": ""strong"", ""insti_money"": ""warn"", ""structure"": ""ok"", ""resistance"": ""warn"", ""extension"": null, ""sector"": ""warn""}"	strong	ok	warn	13.52	102.68	92.96	104.15	5.04	False	NONE	BULLISH	BEARISH	3	105.53	null	null	null	null	null	False	"[{""type"": ""resistance"", ""price"": 113.46, ""date"": ""2026-08-05"", ""atr_dist"": 1.57, ""vol_ratio"": 1.7, ""vol_validated"": true}, {""type"": ""fib_1272"", ""price"": 121.3, ""atr_dist"": 3.13}, {""type"": ""fib_1618"", ""price"": 131.28, ""atr_dist"": 5.11}, {""type"": ""fib_2000"", ""price"": 142.29, ""atr_dist"": 7.29}, {""type"": ""fib_2618"", ""price"": 160.11, ""atr_dist"": 10.83}]"	NONE	True	False	22.1	36.7	INTERRUPTED	100.49	no valid bracket — no structural support passes the 3 gates (atr≥1.0, rr≥2.0, risk%≤regime ceiling)
CRM	63.2	73.9	89.5	ABOVE_STRUCTURE	STRONG	ACCELERATING	0.75	"{""leadership"": ""warn"", ""coil"": ""ok"", ""insti_money"": ""warn"", ""structure"": ""ok"", ""resistance"": ""ok"", ""extension"": null, ""sector"": ""strong""}"	ok	ok	ok	19.8	192.57	174.59	200.82	8.06	False	NONE	BULLISH	NONE	0	209.17	null	null	null	null	null	False	"[{""type"": ""resistance"", ""price"": 211.34, ""date"": ""2026-06-01"", ""atr_dist"": 0.27, ""vol_ratio"": 1.86, ""vol_validated"": true}, {""type"": ""fib_1272"", ""price"": 222.14, ""atr_dist"": 1.61}, {""type"": ""fib_1618"", ""price"": 235.87, ""atr_dist"": 3.31}, {""type"": ""fib_2000"", ""price"": 251.03, ""atr_dist"": 5.19}, {""type"": ""fib_2618"", ""price"": 275.56, ""atr_dist"": 8.24}]"	NONE	False	False	23.2	45.4	ACCELERATION	201.11	no valid bracket — no structural support passes the 3 gates (atr≥1.0, rr≥2.0, risk%≤regime ceiling)
ARE	75.0	54.6	51.6	RANGE	BUILDING	ACCELERATING	1.43	"{""leadership"": ""warn"", ""coil"": ""warn"", ""insti_money"": ""strong"", ""structure"": ""ok"", ""resistance"": ""ok"", ""extension"": null, ""sector"": ""ok""}"	warn	ok	ok	5.7	50.21	50.61	50.19	2.08	False	NONE	BEARISH	NONE	0	53.49	null	null	null	null	null	False	"[{""type"": ""resistance"", ""price"": 55.14, ""date"": ""2026-06-09"", ""atr_dist"": 0.79, ""vol_ratio"": 1.97, ""vol_validated"": true}, {""type"": ""resistance"", ""price"": 56.2, ""date"": ""2026-06-26"", ""atr_dist"": 1.3, ""vol_ratio"": 1.62, ""vol_validated"": true}, {""type"": ""fib_1272"", ""price"": 58.2, ""atr_dist"": 2.26}, {""type"": ""fib_1618"", ""price"": 60.74, ""atr_dist"": 3.48}, {""type"": ""fib_2000"", ""price"": 63.54, ""atr_dist"": 4.83}, {""type"": ""fib_2618"", ""price"": 68.08, ""atr_dist"": 7.01}]"	NONE	False	False	19.6	84.1	ACCELERATION	51.41	no valid bracket — no structural support passes the 3 gates (atr≥1.0, rr≥2.0, risk%≤regime ceiling)
CSX	31.6	87.4	58.9	RANGE	BUILDING	FLAT	1.14	"{""leadership"": ""strong"", ""coil"": ""strong"", ""insti_money"": ""warn"", ""structure"": ""ok"", ""resistance"": ""ok"", ""extension"": null, ""sector"": ""warn""}"	strong	ok	ok	4.45	50.57	49.39	42.4	0.99	False	NONE	BULLISH	NONE	0	51.59	50.57	ma20	1.03	1.98	4.23	True	"[{""type"": ""resistance"", ""price"": 53.6, ""tp"": ""TP1"", ""r"": 1.97, ""atr_dist"": 2.04, ""date"": ""2026-07-27""}, {""type"": ""fib_1272"", ""price"": 55.9, ""tp"": ""TP2"", ""r"": 4.23, ""atr_dist"": 4.37}, {""type"": ""fib_1618"", ""price"": 58.82, ""tp"": ""TP3"", ""r"": 7.09, ""atr_dist"": 7.33}, {""type"": ""fib_2000"", ""price"": 62.05, ""tp"": null, ""r"": 10.25, ""atr_dist"": 10.6}, {""type"": ""fib_2618"", ""price"": 67.27, ""tp"": null, ""r"": 15.37, ""atr_dist"": 15.89}]"	NONE	True	False	null	null	null	50.6	null
KO	73.7	68.9	71.6	BULLISH_BOS	STRONG	ACCELERATING	0.98	"{""leadership"": ""ok"", ""coil"": ""ok"", ""insti_money"": ""strong"", ""structure"": ""strong"", ""resistance"": ""ok"", ""extension"": null, ""sector"": ""strong""}"	ok	strong	ok	8.05	87.73	84.31	77.49	1.61	False	NONE	BULLISH	NONE	0	91.1	null	null	null	null	null	False	"[{""type"": ""prior_high"", ""price"": 91.87, ""atr_dist"": 0.48}, {""type"": ""fib_1272"", ""price"": 93.56, ""atr_dist"": 1.53}, {""type"": ""fib_1618"", ""price"": 95.71, ""atr_dist"": 2.86}, {""type"": ""fib_2000"", ""price"": 98.08, ""atr_dist"": 4.33}, {""type"": ""fib_2618"", ""price"": 101.92, ""atr_dist"": 6.71}]"	NONE	False	False	10.7	52.3	ACCELERATION	89.49	no valid bracket — no structural support passes the 3 gates (atr≥1.0, rr≥2.0, risk%≤regime ceiling)
DLO	75.0	77.3	63.6	RANGE	BUILDING	ACCELERATING	1.85	"{""leadership"": ""ok"", ""coil"": ""strong"", ""insti_money"": ""ok"", ""structure"": ""ok"", ""resistance"": ""warn"", ""extension"": null, ""sector"": ""strong""}"	strong	ok	warn	7.51	14.63	14.11	13.36	0.59	False	NONE	BEARISH	NONE	0	15.17	null	null	null	null	null	False	"[{""type"": ""resistance"", ""price"": 15.3, ""date"": ""2026-08-14"", ""atr_dist"": 0.22, ""vol_ratio"": 2.58, ""vol_validated"": true}, {""type"": ""resistance"", ""price"": 15.65, ""date"": ""2026-08-05"", ""atr_dist"": 0.81, ""vol_ratio"": 1.36, ""vol_validated"": true}, {""type"": ""fib_1272"", ""price"": 16.15, ""atr_dist"": 1.66}, {""type"": ""fib_1618"", ""price"": 16.77, ""atr_dist"": 2.71}, {""type"": ""fib_2000"", ""price"": 17.47, ""atr_dist"": 3.9}, {""type"": ""fib_2618"", ""price"": 18.59, ""atr_dist"": 5.8}]"	NONE	False	False	14.2	79.5	ACCUMULATION_BASE	14.58	no valid bracket — no structural support passes the 3 gates (atr≥1.0, rr≥2.0, risk%≤regime ceiling)
GWRE	53.9	78.2	71.6	ABOVE_STRUCTURE	STRONG	ACCELERATING	1.03	"{""leadership"": ""warn"", ""coil"": ""ok"", ""insti_money"": ""warn"", ""structure"": ""ok"", ""resistance"": ""ok"", ""extension"": null, ""sector"": ""strong""}"	ok	ok	ok	30.88	168.62	144.55	158.32	8.24	False	NONE	BULLISH	NONE	0	189.19	null	null	null	null	null	False	"[{""type"": ""prior_high"", ""price"": 189.92, ""atr_dist"": 0.09}, {""type"": ""fib_1272"", ""price"": 205.9, ""atr_dist"": 2.03}, {""type"": ""fib_1618"", ""price"": 226.23, ""atr_dist"": 4.5}, {""type"": ""fib_2000"", ""price"": 248.68, ""atr_dist"": 7.22}, {""type"": ""fib_2618"", ""price"": 284.99, ""atr_dist"": 11.63}]"	NONE	False	False	29.0	37.4	null	180.95	no valid bracket — no structural support passes the 3 gates (atr≥1.0, rr≥2.0, risk%≤regime ceiling)
DASH	52.6	73.1	84.2	BULLISH_BOS	STRONG	null	0.84	"{""leadership"": ""--"", ""coil"": ""--"", ""insti_money"": ""--"", ""structure"": ""strong"", ""resistance"": ""--"", ""extension"": null, ""sector"": ""strong""}"	--	strong	--	16.68	208.48	191.54	187.52	8.04	False	null	null	null	null	223.49	null	null	null	null	null	False	"[{""type"": ""prior_high"", ""price"": 225.95, ""atr_dist"": 0.31}, {""type"": ""fib_1272"", ""price"": 242.1, ""atr_dist"": 2.31}, {""type"": ""fib_1618"", ""price"": 262.64, ""atr_dist"": 4.87}, {""type"": ""fib_2000"", ""price"": 285.32, ""atr_dist"": 7.69}, {""type"": ""fib_2618"", ""price"": 322.01, ""atr_dist"": 12.25}]"	null	null	null	24.1	26.4	null	215.45	no valid bracket — no structural support passes the 3 gates (atr≥1.0, rr≥2.0, risk%≤regime ceiling)
BDX	71.1	58.0	73.7	ABOVE_STRUCTURE	STRONG	ACCELERATING	1.33	"{""leadership"": ""strong"", ""coil"": ""warn"", ""insti_money"": ""warn"", ""structure"": ""ok"", ""resistance"": ""ok"", ""extension"": null, ""sector"": ""strong""}"	warn	ok	ok	18.96	176.49	161.4	157.66	4.58	False	NONE	BULLISH	NONE	0	192.0	null	null	null	null	null	False	"[{""type"": ""prior_high"", ""price"": 192.3, ""atr_dist"": 0.07}, {""type"": ""fib_1272"", ""price"": 204.29, ""atr_dist"": 2.68}, {""type"": ""fib_1618"", ""price"": 219.54, ""atr_dist"": 6.01}, {""type"": ""fib_2000"", ""price"": 236.37, ""atr_dist"": 9.69}, {""type"": ""fib_2618"", ""price"": 263.61, ""atr_dist"": 15.63}]"	NONE	False	False	20.2	30.8	CORRECTION_REENTRY	187.42	no valid bracket — no structural support passes the 3 gates (atr≥1.0, rr≥2.0, risk%≤regime ceiling)
SOFI	26.3	64.7	76.8	BULLISH_BOS	BUILDING	ACCELERATING	0.98	"{""leadership"": ""warn"", ""coil"": ""warn"", ""insti_money"": ""warn"", ""structure"": ""strong"", ""resistance"": ""ok"", ""extension"": null, ""sector"": ""warn""}"	warn	strong	ok	7.0	17.75	17.67	20.51	0.86	False	NONE	BULLISH	NONE	0	18.91	17.75	ma20	1.35	6.13	2.27	True	"[{""type"": ""resistance"", ""price"": 19.74, ""tp"": ""TP1"", ""r"": 0.72, ""atr_dist"": 0.96, ""date"": ""2026-07-10"", ""vol_ratio"": 1.08, ""vol_validated"": false}, {""type"": ""fib_1272"", ""price"": 21.54, ""tp"": ""TP2"", ""r"": 2.27, ""atr_dist"": 3.05}, {""type"": ""fib_1618"", ""price"": 23.34, ""tp"": ""TP3"", ""r"": 3.82, ""atr_dist"": 5.14}, {""type"": ""fib_2000"", ""price"": 25.33, ""tp"": null, ""r"": 5.53, ""atr_dist"": 7.45}, {""type"": ""fib_2618"", ""price"": 28.54, ""tp"": null, ""r"": 8.3, ""atr_dist"": 11.17}]"	NONE	False	False	25.2	33.0	CORRECTION_REENTRY	18.05	null
AAL	53.9	42.0	22.1	RANGE	FADING	FLAT	1.19	"{""leadership"": ""warn"", ""coil"": ""strong"", ""insti_money"": ""strong"", ""structure"": ""ok"", ""resistance"": ""warn"", ""extension"": null, ""sector"": ""warn""}"	strong	ok	warn	-12.32	15.09	15.76	13.91	0.57	False	NONE	BULLISH	NONE	0	13.82	13.18	swing_low	1.13	4.63	5.14	True	"[{""type"": ""resistance"", ""price"": 15.4, ""tp"": ""TP1"", ""r"": 2.47, ""atr_dist"": 2.79, ""date"": ""2026-05-27"", ""vol_ratio"": 1.4, ""vol_validated"": true}, {""type"": ""resistance"", ""price"": 17.11, ""tp"": ""TP2"", ""r"": 5.14, ""atr_dist"": 5.81, ""date"": ""2026-08-05"", ""vol_ratio"": 0.47, ""vol_validated"": false}, {""type"": ""resistance"", ""price"": 18.79, ""tp"": ""TP3"", ""r"": 7.77, ""atr_dist"": 8.78, ""date"": ""2026-07-02"", ""vol_ratio"": 0.88, ""vol_validated"": false}, {""type"": ""fib_1272"", ""price"": 20.32, ""tp"": null, ""r"": 10.16, ""atr_dist"": 11.48}, {""type"": ""fib_1618"", ""price"": 22.26, ""tp"": null, ""r"": 13.19, ""atr_dist"": 14.91}, {""type"": ""fib_2000"", ""price"": 24.4, ""tp"": null, ""r"": 16.53, ""atr_dist"": 18.69}, {""type"": ""fib_2618"", ""price"": 27.87, ""tp"": null, ""r"": 21.95, ""atr_dist"": 24.82}]"	NONE	False	False	null	null	null	13.25	null
AMBP	50.0	69.7	82.1	RANGE	STRONG	DECELERATING	0.57	"{""leadership"": ""strong"", ""coil"": ""ok"", ""insti_money"": ""warn"", ""structure"": ""ok"", ""resistance"": ""strong"", ""extension"": null, ""sector"": ""strong""}"	ok	ok	strong	12.7	5.06	4.76	4.29	0.2	False	NONE	BULLISH	BEARISH	1	5.36	null	null	null	null	null	False	"[{""type"": ""resistance"", ""price"": 5.43, ""date"": ""2026-07-23"", ""atr_dist"": 0.36, ""vol_ratio"": 1.73, ""vol_validated"": true}, {""type"": ""fib_1272"", ""price"": 5.77, ""atr_dist"": 2.09}, {""type"": ""fib_1618"", ""price"": 6.14, ""atr_dist"": 3.98}, {""type"": ""fib_2000"", ""price"": 6.56, ""atr_dist"": 6.12}, {""type"": ""fib_2618"", ""price"": 7.23, ""atr_dist"": 9.54}]"	NONE	False	False	15.1	40.5	null	5.16	no valid bracket — no structural support passes the 3 gates (atr≥1.0, rr≥2.0, risk%≤regime ceiling)
EL	98.7	59.7	86.3	ABOVE_STRUCTURE	STRONG	ACCELERATING	1.96	"{""leadership"": ""warn"", ""coil"": ""warn"", ""insti_money"": ""ok"", ""structure"": ""ok"", ""resistance"": ""ok"", ""extension"": null, ""sector"": ""strong""}"	warn	ok	ok	19.97	87.7	84.97	91.59	3.65	False	NONE	BULLISH	NONE	0	101.94	null	null	null	null	null	False	"[{""type"": ""prior_high"", ""price"": 102.85, ""atr_dist"": 0.25}, {""type"": ""fib_1272"", ""price"": 105.02, ""atr_dist"": 0.84}, {""type"": ""fib_1618"", ""price"": 107.78, ""atr_dist"": 1.6}, {""type"": ""fib_2000"", ""price"": 110.82, ""atr_dist"": 2.43}, {""type"": ""fib_2618"", ""price"": 115.75, ""atr_dist"": 3.79}]"	NONE	False	False	22.9	85.1	ACCELERATION	98.29	no valid bracket — no structural support passes the 3 gates (atr≥1.0, rr≥2.0, risk%≤regime ceiling)
SJM	78.9	79.8	57.9	RANGE	BUILDING	DECELERATING	1.22	"{""leadership"": ""warn"", ""coil"": ""strong"", ""insti_money"": ""strong"", ""structure"": ""ok"", ""resistance"": ""strong"", ""extension"": null, ""sector"": ""strong""}"	strong	ok	strong	6.99	120.48	116.2	105.71	3.17	False	NONE	BULLISH	NONE	0	124.32	120.48	ma20	1.21	3.09	2.3	True	"[{""type"": ""resistance"", ""price"": 127.65, ""tp"": ""TP1"", ""r"": 0.87, ""atr_dist"": 1.05, ""date"": ""2026-07-29"", ""vol_ratio"": 1.09, ""vol_validated"": false}, {""type"": ""fib_1272"", ""price"": 133.14, ""tp"": ""TP2"", ""r"": 2.3, ""atr_dist"": 2.78}, {""type"": ""fib_1618"", ""price"": 140.13, ""tp"": ""TP3"", ""r"": 4.12, ""atr_dist"": 4.99}, {""type"": ""fib_2000"", ""price"": 147.85, ""tp"": null, ""r"": 6.13, ""atr_dist"": 7.43}, {""type"": ""fib_2618"", ""price"": 160.33, ""tp"": null, ""r"": 9.38, ""atr_dist"": 11.36}]"	NONE	False	False	9.9	60.7	INTERRUPTED	121.15	null
VLTO	31.6	84.9	63.2	RANGE	BUILDING	ACCELERATING	1.27	"{""leadership"": ""strong"", ""coil"": ""strong"", ""insti_money"": ""ok"", ""structure"": ""ok"", ""resistance"": ""warn"", ""extension"": null, ""sector"": ""warn""}"	strong	ok	warn	6.93	97.17	92.37	93.46	2.28	False	NONE	BULLISH	NONE	0	98.77	null	null	null	null	null	False	"[{""type"": ""resistance"", ""price"": 98.98, ""date"": ""2026-08-07"", ""atr_dist"": 0.09}, {""type"": ""resistance"", ""price"": 102.25, ""date"": ""2026-07-29"", ""atr_dist"": 1.52}, {""type"": ""fib_1272"", ""price"": 105.76, ""atr_dist"": 3.06}, {""type"": ""fib_1618"", ""price"": 110.22, ""atr_dist"": 5.02}, {""type"": ""fib_2000"", ""price"": 115.15, ""atr_dist"": 7.18}, {""type"": ""fib_2618"", ""price"": 123.12, ""atr_dist"": 10.67}]"	NONE	True	False	null	null	null	96.49	no valid bracket — no structural support passes the 3 gates (atr≥1.0, rr≥2.0, risk%≤regime ceiling)
IBKR	78.9	74.8	60.0	RANGE	BUILDING	ACCELERATING	1.27	"{""leadership"": ""strong"", ""coil"": ""strong"", ""insti_money"": ""strong"", ""structure"": ""ok"", ""resistance"": ""warn"", ""extension"": null, ""sector"": ""warn""}"	strong	ok	warn	2.25	90.08	91.8	77.65	3.19	False	NONE	BEARISH	BULLISH	0	93.87	90.08	ma_cluster	1.19	4.04	2.39	True	"[{""type"": ""resistance"", ""price"": 97.77, ""tp"": ""TP1"", ""r"": 1.03, ""atr_dist"": 1.22, ""date"": ""2026-07-15"", ""vol_ratio"": 0.76, ""vol_validated"": false}, {""type"": ""fib_1272"", ""price"": 102.93, ""tp"": ""TP2"", ""r"": 2.39, ""atr_dist"": 2.84}, {""type"": ""fib_1618"", ""price"": 109.41, ""tp"": ""TP3"", ""r"": 4.1, ""atr_dist"": 4.87}, {""type"": ""fib_2000"", ""price"": 116.56, ""tp"": null, ""r"": 5.99, ""atr_dist"": 7.11}, {""type"": ""fib_2618"", ""price"": 128.13, ""tp"": null, ""r"": 9.04, ""atr_dist"": 10.74}]"	NONE	True	False	10.3	60.3	CORRECTION_REENTRY	90.68	null
TSLA	94.7	63.0	48.4	BEARISH_CHOCH	BUILDING	ACCELERATING	1.68	"{""leadership"": ""warn"", ""coil"": ""ok"", ""insti_money"": ""strong"", ""structure"": ""warn"", ""resistance"": ""warn"", ""extension"": null, ""sector"": ""strong""}"	ok	warn	warn	-0.82	328.14	365.86	403.32	13.86	False	NONE	BEARISH	NONE	0	362.86	337.24	swing_low_2	1.85	7.06	2.09	True	"[{""type"": ""resistance"", ""price"": 409.28, ""tp"": ""TP1"", ""r"": 1.81, ""atr_dist"": 3.35, ""date"": ""2026-04-17"", ""vol_ratio"": 1.3, ""vol_validated"": true}, {""type"": ""resistance"", ""price"": 416.38, ""tp"": ""TP2"", ""r"": 2.09, ""atr_dist"": 3.86, ""date"": ""2026-03-11"", ""vol_ratio"": 1.07, ""vol_validated"": false}, {""type"": ""resistance"", ""price"": 432.86, ""tp"": ""TP3"", ""r"": 2.73, ""atr_dist"": 5.05, ""date"": ""2026-07-01"", ""vol_ratio"": 0.84, ""vol_validated"": false}, {""type"": ""resistance"", ""price"": 445.6, ""tp"": null, ""r"": 3.23, ""atr_dist"": 5.97, ""date"": ""2026-05-27"", ""vol_ratio"": 0.83, ""vol_validated"": false}, {""type"": ""prior_high"", ""price"": 453.4, ""tp"": null, ""r"": 3.53, ""atr_dist"": 6.53}, {""type"": ""fib_1272"", ""price"": 477.71, ""tp"": null, ""r"": 4.48, ""atr_dist"": 8.29}, {""type"": ""fib_1618"", ""price"": 508.64, ""tp"": null, ""r"": 5.69, ""atr_dist"": 10.52}, {""type"": ""fib_2000"", ""price"": 542.78, ""tp"": null, ""r"": 7.02, ""atr_dist"": 12.98}, {""type"": ""fib_2618"", ""price"": 598.02, ""tp"": null, ""r"": 9.18, ""atr_dist"": 16.97}]"	NONE	False	False	20.8	48.7	CORRECTION_REENTRY	349.0	null
SAP	52.6	65.5	90.5	ABOVE_STRUCTURE	STRONG	ACCELERATING	0.49	"{""leadership"": ""warn"", ""coil"": ""ok"", ""insti_money"": ""warn"", ""structure"": ""ok"", ""resistance"": ""ok"", ""extension"": null, ""sector"": ""strong""}"	ok	ok	ok	25.46	199.9	174.31	198.23	6.25	False	NONE	BULLISH	NONE	0	218.68	null	null	null	null	null	False	"[{""type"": ""prior_high"", ""price"": 220.27, ""atr_dist"": 0.25}, {""type"": ""fib_1272"", ""price"": 240.75, ""atr_dist"": 3.53}, {""type"": ""fib_1618"", ""price"": 266.81, ""atr_dist"": 7.71}, {""type"": ""fib_2000"", ""price"": 295.57, ""atr_dist"": 12.31}, {""type"": ""fib_2618"", ""price"": 342.11, ""atr_dist"": 19.76}]"	NONE	False	False	27.1	24.2	null	212.44	no valid bracket — no structural support passes the 3 gates (atr≥1.0, rr≥2.0, risk%≤regime ceiling)
BWIN	61.8	81.5	74.7	RANGE	STRONG	ACCELERATING	0.46	"{""leadership"": ""warn"", ""coil"": ""ok"", ""insti_money"": ""ok"", ""structure"": ""ok"", ""resistance"": ""ok"", ""extension"": null, ""sector"": ""warn""}"	ok	ok	ok	19.69	29.57	26.65	23.64	1.42	False	NONE	BULLISH	NONE	0	31.9	null	null	null	null	null	False	"[{""type"": ""resistance"", ""price"": 32.57, ""date"": ""2026-08-14"", ""atr_dist"": 0.47, ""vol_ratio"": 1.32, ""vol_validated"": true}, {""type"": ""fib_1272"", ""price"": 34.72, ""atr_dist"": 1.99}, {""type"": ""fib_1618"", ""price"": 37.46, ""atr_dist"": 3.93}, {""type"": ""fib_2000"", ""price"": 40.48, ""atr_dist"": 6.06}, {""type"": ""fib_2618"", ""price"": 45.37, ""atr_dist"": 9.51}]"	NONE	False	False	22.4	29.9	null	30.48	no valid bracket — no structural support passes the 3 gates (atr≥1.0, rr≥2.0, risk%≤regime ceiling)
INTC	19.7	39.5	28.4	BEARISH_CHOCH	BUILDING	DECELERATING	0.77	"{""leadership"": ""warn"", ""coil"": ""strong"", ""insti_money"": ""warn"", ""structure"": ""warn"", ""resistance"": ""warn"", ""extension"": null, ""sector"": ""strong""}"	strong	warn	warn	-16.74	95.7	108.18	71.51	6.5	False	NONE	BEARISH	NONE	0	90.07	81.79	swing_low_1	1.27	9.19	4.42	True	"[{""type"": ""resistance"", ""price"": 107.57, ""tp"": ""TP1"", ""r"": 2.11, ""atr_dist"": 2.69, ""date"": ""2026-08-13"", ""vol_ratio"": 0.97, ""vol_validated"": false}, {""type"": ""resistance"", ""price"": 126.64, ""tp"": ""TP2"", ""r"": 4.42, ""atr_dist"": 5.63, ""date"": ""2026-05-29"", ""vol_ratio"": 1.35, ""vol_validated"": true}, {""type"": ""resistance"", ""price"": 132.75, ""tp"": ""TP3"", ""r"": 5.15, ""atr_dist"": 6.57, ""date"": ""2026-05-11"", ""vol_ratio"": 1.18, ""vol_validated"": false}, {""type"": ""resistance"", ""price"": 141.45, ""tp"": null, ""r"": 6.21, ""atr_dist"": 7.9, ""date"": ""2026-06-22"", ""vol_ratio"": 0.96, ""vol_validated"": false}, {""type"": ""fib_1272"", ""price"": 154.32, ""tp"": null, ""r"": 7.76, ""atr_dist"": 9.88}, {""type"": ""fib_1618"", ""price"": 169.55, ""tp"": null, ""r"": 9.6, ""atr_dist"": 12.23}, {""type"": ""fib_2000"", ""price"": 186.37, ""tp"": null, ""r"": 11.63, ""atr_dist"": 14.81}, {""type"": ""fib_2618"", ""price"": 213.57, ""tp"": null, ""r"": 14.92, ""atr_dist"": 19.0}]"	NONE	False	False	null	null	null	83.57	null
AEM	78.9	63.0	84.2	ABOVE_STRUCTURE	STRONG	DECELERATING	1.69	"{""leadership"": ""ok"", ""coil"": ""warn"", ""insti_money"": ""ok"", ""structure"": ""ok"", ""resistance"": ""ok"", ""extension"": null, ""sector"": ""strong""}"	warn	ok	ok	34.19	173.31	161.01	184.36	7.65	False	NONE	BULLISH	NONE	0	216.06	null	null	null	null	null	False	"[{""type"": ""resistance"", ""price"": 224.35, ""date"": ""2026-04-17"", ""atr_dist"": 1.08, ""vol_ratio"": 0.78, ""vol_validated"": false}, {""type"": ""prior_high"", ""price"": 241.1, ""atr_dist"": 3.27}, {""type"": ""fib_1272"", ""price"": 244.97, ""atr_dist"": 3.78}, {""type"": ""fib_1618"", ""price"": 249.89, ""atr_dist"": 4.42}, {""type"": ""fib_2000"", ""price"": 255.32, ""atr_dist"": 5.13}, {""type"": ""fib_2618"", ""price"": 264.11, ""atr_dist"": 6.28}]"	NONE	False	False	43.8	38.3	null	208.41	no valid bracket — no structural support passes the 3 gates (atr≥1.0, rr≥2.0, risk%≤regime ceiling)
FLUT	48.7	48.7	38.3	RANGE	BUILDING	ACCELERATING	0.31	"{""leadership"": ""warn"", ""coil"": ""ok"", ""insti_money"": ""warn"", ""structure"": ""ok"", ""resistance"": ""warn"", ""extension"": null, ""sector"": ""strong""}"	ok	ok	warn	-0.59	100.13	103.22	137.51	5.04	False	NONE	BEARISH	NONE	0	102.61	null	null	null	null	null	False	"[{""type"": ""resistance"", ""price"": 110.27, ""date"": ""2026-07-28"", ""atr_dist"": 1.52, ""vol_ratio"": 1.1, ""vol_validated"": false}, {""type"": ""resistance"", ""price"": 112.81, ""date"": ""2026-04-16"", ""atr_dist"": 2.02, ""vol_ratio"": 1.92, ""vol_validated"": true}, {""type"": ""resistance"", ""price"": 117.22, ""date"": ""2026-07-13"", ""atr_dist"": 2.9, ""vol_ratio"": 1.09, ""vol_validated"": false}, {""type"": ""fib_1272"", ""price"": 125.02, ""atr_dist"": 4.44}, {""type"": ""fib_1618"", ""price"": 132.11, ""atr_dist"": 5.85}, {""type"": ""fib_2000"", ""price"": 139.94, ""atr_dist"": 7.4}, {""type"": ""fib_2618"", ""price"": 152.61, ""atr_dist"": 9.91}]"	NONE	False	False	20.6	52.8	INTERRUPTED	97.56	no valid bracket — no structural support passes the 3 gates (atr≥1.0, rr≥2.0, risk%≤regime ceiling)
WT	60.5	58.0	84.2	BULLISH_BOS	STRONG	ACCELERATING	0.75	"{""leadership"": ""strong"", ""coil"": ""warn"", ""insti_money"": ""strong"", ""structure"": ""strong"", ""resistance"": ""strong"", ""extension"": null, ""sector"": ""warn""}"	warn	strong	strong	18.53	21.55	19.83	16.33	0.83	False	NONE	BULLISH	BEARISH	2	23.51	null	null	null	null	null	False	"[{""type"": ""prior_high"", ""price"": 23.54, ""atr_dist"": 0.04}, {""type"": ""fib_1272"", ""price"": 25.02, ""atr_dist"": 1.82}, {""type"": ""fib_1618"", ""price"": 26.9, ""atr_dist"": 4.08}, {""type"": ""fib_2000"", ""price"": 28.97, ""atr_dist"": 6.58}, {""type"": ""fib_2618"", ""price"": 32.33, ""atr_dist"": 10.63}]"	NONE	False	False	26.1	17.2	null	22.68	no valid bracket — no structural support passes the 3 gates (atr≥1.0, rr≥2.0, risk%≤regime ceiling)
NMRK	78.9	63.9	73.7	RANGE	BUILDING	ACCELERATING	0.73	"{""leadership"": ""warn"", ""coil"": ""warn"", ""insti_money"": ""strong"", ""structure"": ""ok"", ""resistance"": ""strong"", ""extension"": null, ""sector"": ""ok""}"	warn	ok	strong	6.02	15.34	15.29	15.81	0.57	False	NONE	BULLISH	BULLISH	0	16.21	null	null	null	null	null	False	"[{""type"": ""resistance"", ""price"": 16.35, ""date"": ""2026-07-28"", ""atr_dist"": 0.25, ""vol_ratio"": 1.09, ""vol_validated"": false}, {""type"": ""resistance"", ""price"": 16.99, ""date"": ""2026-04-23"", ""atr_dist"": 1.37, ""vol_ratio"": 1.19, ""vol_validated"": false}, {""type"": ""fib_1272"", ""price"": 17.6, ""atr_dist"": 2.44}, {""type"": ""fib_1618"", ""price"": 18.21, ""atr_dist"": 3.51}, {""type"": ""fib_2000"", ""price"": 18.87, ""atr_dist"": 4.67}, {""type"": ""fib_2618"", ""price"": 19.95, ""atr_dist"": 6.56}]"	NONE	False	False	15.3	62.4	ACCELERATION	15.64	no valid bracket — no structural support passes the 3 gates (atr≥1.0, rr≥2.0, risk%≤regime ceiling)
VEEV	57.9	67.2	55.8	ABOVE_STRUCTURE	FADING	ACCELERATING	0.62	"{""leadership"": ""warn"", ""coil"": ""warn"", ""insti_money"": ""warn"", ""structure"": ""ok"", ""resistance"": ""strong"", ""extension"": null, ""sector"": ""strong""}"	warn	ok	strong	25.41	226.42	197.66	199.74	8.38	False	NONE	BULLISH	NONE	0	247.9	null	null	null	null	null	False	"[{""type"": ""prior_high"", ""price"": 253.49, ""atr_dist"": 0.67}, {""type"": ""fib_1272"", ""price"": 273.68, ""atr_dist"": 3.08}, {""type"": ""fib_1618"", ""price"": 299.37, ""atr_dist"": 6.14}, {""type"": ""fib_2000"", ""price"": 327.73, ""atr_dist"": 9.53}, {""type"": ""fib_2618"", ""price"": 373.61, ""atr_dist"": 15.01}]"	NONE	False	False	29.1	21.2	null	239.52	no valid bracket — no structural support passes the 3 gates (atr≥1.0, rr≥2.0, risk%≤regime ceiling)
B	73.7	61.3	86.7	null	STRONG	FLAT	1.04	"{""leadership"": ""strong"", ""coil"": ""warn"", ""insti_money"": ""ok"", ""structure"": ""--"", ""resistance"": ""ok"", ""extension"": null, ""sector"": ""strong""}"	warn	--	ok	22.5	40.74	38.86	42.0	1.67	False	NONE	BULLISH	NONE	0	47.6	null	null	null	null	null	False	[]	NONE	False	False	29.6	47.6	CORRECTION_REENTRY	45.93	no valid bracket — no structural resistance above price
TPG	57.9	71.4	70.5	RANGE	FADING	DECELERATING	0.61	"{""leadership"": ""warn"", ""coil"": ""warn"", ""insti_money"": ""warn"", ""structure"": ""ok"", ""resistance"": ""warn"", ""extension"": null, ""sector"": ""warn""}"	warn	ok	warn	17.09	48.8	44.75	49.29	2.03	False	NONE	BULLISH	NONE	0	52.4	49.29	ma200	1.53	5.94	2.27	True	"[{""type"": ""resistance"", ""price"": 55.5, ""tp"": ""TP1"", ""r"": 1.0, ""atr_dist"": 1.52, ""date"": ""2026-08-14"", ""vol_ratio"": 2.11, ""vol_validated"": true}, {""type"": ""fib_1272"", ""price"": 59.47, ""tp"": ""TP2"", ""r"": 2.27, ""atr_dist"": 3.48}, {""type"": ""fib_1618"", ""price"": 64.51, ""tp"": ""TP3"", ""r"": 3.89, ""atr_dist"": 5.96}, {""type"": ""fib_2000"", ""price"": 70.08, ""tp"": null, ""r"": 5.68, ""atr_dist"": 8.7}, {""type"": ""fib_2618"", ""price"": 79.09, ""tp"": null, ""r"": 8.58, ""atr_dist"": 13.13}]"	NONE	False	False	30.0	18.5	null	50.37	null
COP	65.8	64.7	73.7	ABOVE_STRUCTURE	STRONG	DECELERATING	1.27	"{""leadership"": ""strong"", ""coil"": ""warn"", ""insti_money"": ""ok"", ""structure"": ""ok"", ""resistance"": ""strong"", ""extension"": null, ""sector"": ""strong""}"	warn	ok	strong	16.57	122.95	115.7	110.51	3.26	False	NONE	BULLISH	NONE	0	134.87	null	null	null	null	null	False	"[{""type"": ""resistance"", ""price"": 135.87, ""date"": ""2026-03-30"", ""atr_dist"": 0.31, ""vol_ratio"": 0.76, ""vol_validated"": false}, {""type"": ""fib_1272"", ""price"": 141.64, ""atr_dist"": 2.08}, {""type"": ""fib_1618"", ""price"": 148.96, ""atr_dist"": 4.32}, {""type"": ""fib_2000"", ""price"": 157.05, ""atr_dist"": 6.8}, {""type"": ""fib_2618"", ""price"": 170.13, ""atr_dist"": 10.81}]"	NONE	False	False	18.2	45.2	SUSTAINED	131.61	no valid bracket — no structural support passes the 3 gates (atr≥1.0, rr≥2.0, risk%≤regime ceiling)
ADSK	26.3	78.2	88.4	RANGE	STRONG	FLAT	0.9	"{""leadership"": ""warn"", ""coil"": ""strong"", ""insti_money"": ""warn"", ""structure"": ""ok"", ""resistance"": ""strong"", ""extension"": null, ""sector"": ""strong""}"	strong	ok	strong	15.5	244.63	219.77	249.45	9.57	False	NONE	BULLISH	BEARISH	2	253.83	null	null	null	null	null	False	"[{""type"": ""resistance"", ""price"": 255.14, ""date"": ""2026-05-07"", ""atr_dist"": 0.14, ""vol_ratio"": 1.08, ""vol_validated"": false}, {""type"": ""resistance"", ""price"": 260.74, ""date"": ""2026-08-14"", ""atr_dist"": 0.72, ""vol_ratio"": 0.67, ""vol_validated"": false}, {""type"": ""fib_1272"", ""price"": 270.27, ""atr_dist"": 1.72}, {""type"": ""fib_1618"", ""price"": 277.3, ""atr_dist"": 2.45}, {""type"": ""fib_2000"", ""price"": 285.05, ""atr_dist"": 3.26}, {""type"": ""fib_2618"", ""price"": 297.6, ""atr_dist"": 4.57}]"	NONE	False	False	20.5	31.8	INTERRUPTED	244.26	no valid bracket — no structural support passes the 3 gates (atr≥1.0, rr≥2.0, risk%≤regime ceiling)
WBD	73.7	64.7	81.1	ABOVE_STRUCTURE	STRONG	null	0.67	"{""leadership"": ""--"", ""coil"": ""--"", ""insti_money"": ""--"", ""structure"": ""ok"", ""resistance"": ""--"", ""extension"": null, ""sector"": ""strong""}"	--	ok	--	6.79	26.92	26.74	27.0	0.49	False	null	null	null	null	28.55	null	null	null	null	null	False	"[{""type"": ""prior_high"", ""price"": 28.68, ""atr_dist"": 0.26}, {""type"": ""fib_1272"", ""price"": 29.61, ""atr_dist"": 2.15}, {""type"": ""fib_1618"", ""price"": 30.8, ""atr_dist"": 4.57}, {""type"": ""fib_2000"", ""price"": 32.11, ""atr_dist"": 7.24}, {""type"": ""fib_2618"", ""price"": 34.23, ""atr_dist"": 11.54}]"	null	null	null	12.7	26.5	null	28.06	no valid bracket — no structural support passes the 3 gates (atr≥1.0, rr≥2.0, risk%≤regime ceiling)
DUOL	67.1	85.7	76.8	BULLISH_BOS	BUILDING	ACCELERATING	0.47	"{""leadership"": ""warn"", ""coil"": ""strong"", ""insti_money"": ""ok"", ""structure"": ""strong"", ""resistance"": ""warn"", ""extension"": null, ""sector"": ""strong""}"	strong	strong	warn	12.08	136.88	130.38	134.06	8.38	False	NONE	BULLISH	BULLISH	0	146.13	null	null	null	null	null	False	"[{""type"": ""prior_high"", ""price"": 151.0, ""atr_dist"": 0.58}, {""type"": ""fib_1272"", ""price"": 161.6, ""atr_dist"": 1.85}, {""type"": ""fib_1618"", ""price"": 175.09, ""atr_dist"": 3.46}, {""type"": ""fib_2000"", ""price"": 189.98, ""atr_dist"": 5.24}, {""type"": ""fib_2618"", ""price"": 214.07, ""atr_dist"": 8.11}]"	NONE	True	False	29.6	54.4	ACCELERATION	137.75	no valid bracket — no structural support passes the 3 gates (atr≥1.0, rr≥2.0, risk%≤regime ceiling)
SONY	57.9	81.5	86.3	RANGE	STRONG	FLAT	0.66	"{""leadership"": ""warn"", ""coil"": ""ok"", ""insti_money"": ""strong"", ""structure"": ""ok"", ""resistance"": ""warn"", ""extension"": null, ""sector"": ""strong""}"	ok	ok	warn	10.44	23.26	21.66	23.0	0.52	False	NONE	BULLISH	BEARISH	1	23.92	null	null	null	null	null	False	"[{""type"": ""resistance"", ""price"": 23.98, ""date"": ""2026-07-31"", ""atr_dist"": 0.12, ""vol_ratio"": 1.82, ""vol_validated"": true}, {""type"": ""resistance"", ""price"": 24.67, ""date"": ""2026-08-14"", ""atr_dist"": 1.45, ""vol_ratio"": 1.04, ""vol_validated"": false}, {""type"": ""fib_1272"", ""price"": 25.78, ""atr_dist"": 3.58}, {""type"": ""fib_1618"", ""price"": 27.2, ""atr_dist"": 6.32}, {""type"": ""fib_2000"", ""price"": 28.76, ""atr_dist"": 9.33}, {""type"": ""fib_2618"", ""price"": 31.29, ""atr_dist"": 14.2}]"	NONE	False	False	12.6	26.1	INTERRUPTED	23.4	no valid bracket — no structural support passes the 3 gates (atr≥1.0, rr≥2.0, risk%≤regime ceiling)
PSX	78.9	63.0	84.2	ABOVE_STRUCTURE	STRONG	FLAT	0.98	"{""leadership"": ""strong"", ""coil"": ""warn"", ""insti_money"": ""strong"", ""structure"": ""ok"", ""resistance"": ""ok"", ""extension"": null, ""sector"": ""strong""}"	warn	ok	ok	21.91	220.38	199.22	166.96	6.79	False	NONE	BULLISH	NONE	0	242.87	null	null	null	null	null	False	"[{""type"": ""prior_high"", ""price"": 246.95, ""atr_dist"": 0.6}, {""type"": ""fib_1272"", ""price"": 259.64, ""atr_dist"": 2.47}, {""type"": ""fib_1618"", ""price"": 275.77, ""atr_dist"": 4.84}, {""type"": ""fib_2000"", ""price"": 293.59, ""atr_dist"": 7.47}, {""type"": ""fib_2618"", ""price"": 322.41, ""atr_dist"": 11.71}]"	NONE	False	False	20.9	28.0	null	236.08	no valid bracket — no structural support passes the 3 gates (atr≥1.0, rr≥2.0, risk%≤regime ceiling)
ASAN	44.7	78.2	62.9	RANGE	STRONG	ACCELERATING	0.69	"{""leadership"": ""warn"", ""coil"": ""strong"", ""insti_money"": ""warn"", ""structure"": ""ok"", ""resistance"": ""warn"", ""extension"": null, ""sector"": ""strong""}"	strong	ok	warn	21.73	8.9	7.87	8.97	0.57	False	NONE	BULLISH	NONE	0	9.58	8.97	ma200	1.07	6.37	2.02	True	"[{""type"": ""resistance"", ""price"": 9.88, ""tp"": ""TP1"", ""r"": 0.49, ""atr_dist"": 0.53, ""date"": ""2026-08-13"", ""vol_ratio"": 1.3, ""vol_validated"": true}, {""type"": ""fib_1272"", ""price"": 10.81, ""tp"": ""TP2"", ""r"": 2.02, ""atr_dist"": 2.17}, {""type"": ""fib_1618"", ""price"": 12.0, ""tp"": ""TP3"", ""r"": 3.97, ""atr_dist"": 4.26}, {""type"": ""fib_2000"", ""price"": 13.31, ""tp"": null, ""r"": 6.11, ""atr_dist"": 6.57}, {""type"": ""fib_2618"", ""price"": 15.43, ""tp"": null, ""r"": 9.59, ""atr_dist"": 10.3}]"	NONE	False	False	33.4	34.0	null	9.01	null
DBX	40.8	79.0	73.7	RANGE	STRONG	ACCELERATING	0.46	"{""leadership"": ""ok"", ""coil"": ""ok"", ""insti_money"": ""warn"", ""structure"": ""ok"", ""resistance"": ""warn"", ""extension"": null, ""sector"": ""strong""}"	ok	ok	warn	13.38	33.74	30.4	27.41	1.22	False	NONE	BULLISH	BEARISH	2	34.47	null	null	null	null	null	False	"[{""type"": ""resistance"", ""price"": 36.3, ""date"": ""2026-08-14"", ""atr_dist"": 1.5, ""vol_ratio"": 0.72, ""vol_validated"": false}, {""type"": ""fib_1272"", ""price"": 37.19, ""atr_dist"": 2.23}, {""type"": ""fib_1618"", ""price"": 38.33, ""atr_dist"": 3.16}, {""type"": ""fib_2000"", ""price"": 39.58, ""atr_dist"": 4.18}, {""type"": ""fib_2618"", ""price"": 41.61, ""atr_dist"": 5.84}]"	NONE	False	False	20.7	19.4	ACCUMULATION_BASE	33.25	no valid bracket — no structural support passes the 3 gates (atr≥1.0, rr≥2.0, risk%≤regime ceiling)
UPST	27.6	57.1	33.5	RANGE	BUILDING	ACCELERATING	0.94	"{""leadership"": ""warn"", ""coil"": ""strong"", ""insti_money"": ""warn"", ""structure"": ""ok"", ""resistance"": ""warn"", ""extension"": null, ""sector"": ""warn""}"	strong	ok	warn	-1.67	29.32	30.82	34.56	1.84	False	NONE	BEARISH	NONE	0	30.3	null	null	null	null	null	False	"[{""type"": ""resistance"", ""price"": 30.67, ""date"": ""2026-05-15"", ""atr_dist"": 0.2, ""vol_ratio"": 1.18, ""vol_validated"": false}, {""type"": ""resistance"", ""price"": 34.02, ""date"": ""2026-06-15"", ""atr_dist"": 2.03, ""vol_ratio"": 1.48, ""vol_validated"": true}, {""type"": ""resistance"", ""price"": 35.8, ""date"": ""2026-04-21"", ""atr_dist"": 2.99, ""vol_ratio"": 1.11, ""vol_validated"": false}, {""type"": ""resistance"", ""price"": 36.9, ""date"": ""2026-07-01"", ""atr_dist"": 3.59, ""vol_ratio"": 0.79, ""vol_validated"": false}, {""type"": ""fib_1272"", ""price"": 39.01, ""atr_dist"": 4.74}, {""type"": ""fib_1618"", ""price"": 41.7, ""atr_dist"": 6.21}, {""type"": ""fib_2000"", ""price"": 44.66, ""atr_dist"": 7.82}, {""type"": ""fib_2618"", ""price"": 49.46, ""atr_dist"": 10.43}]"	NONE	True	False	29.1	42.5	INTERRUPTED	28.46	no valid bracket — no structural support passes the 3 gates (atr≥1.0, rr≥2.0, risk%≤regime ceiling)
UNP	36.8	84.9	68.4	RANGE	FADING	ACCELERATING	0.97	"{""leadership"": ""strong"", ""coil"": ""strong"", ""insti_money"": ""warn"", ""structure"": ""ok"", ""resistance"": ""strong"", ""extension"": null, ""sector"": ""warn""}"	strong	ok	strong	7.63	296.1	286.22	256.33	6.34	False	NONE	BULLISH	NONE	0	308.05	296.1	ma20	1.88	3.88	2.05	True	"[{""type"": ""resistance"", ""price"": 315.99, ""tp"": ""TP1"", ""r"": 0.66, ""atr_dist"": 1.25, ""date"": ""2026-07-23"", ""vol_ratio"": 2.46, ""vol_validated"": true}, {""type"": ""fib_1272"", ""price"": 332.52, ""tp"": ""TP2"", ""r"": 2.05, ""atr_dist"": 3.86}, {""type"": ""fib_1618"", ""price"": 353.55, ""tp"": ""TP3"", ""r"": 3.81, ""atr_dist"": 7.18}, {""type"": ""fib_2000"", ""price"": 376.76, ""tp"": null, ""r"": 5.75, ""atr_dist"": 10.84}, {""type"": ""fib_2618"", ""price"": 414.32, ""tp"": null, ""r"": 8.89, ""atr_dist"": 16.76}]"	BREAKOUT_UP	True	False	7.9	54.4	null	301.71	null
OC	19.7	59.7	61.1	RANGE	FADING	DECELERATING	1.05	"{""leadership"": ""ok"", ""coil"": ""ok"", ""insti_money"": ""ok"", ""structure"": ""ok"", ""resistance"": ""warn"", ""extension"": null, ""sector"": ""strong""}"	ok	ok	warn	3.9	148.98	142.5	123.07	5.1	False	NONE	BULLISH	BEARISH	1	148.06	142.5	ma50	1.09	3.76	4.34	True	"[{""type"": ""resistance"", ""price"": 159.88, ""tp"": ""TP1"", ""r"": 2.13, ""atr_dist"": 2.32, ""date"": ""2026-08-12""}, {""type"": ""fib_1272"", ""price"": 172.21, ""tp"": ""TP2"", ""r"": 4.34, ""atr_dist"": 4.73}, {""type"": ""fib_1618"", ""price"": 187.86, ""tp"": ""TP3"", ""r"": 7.16, ""atr_dist"": 7.8}, {""type"": ""fib_2000"", ""price"": 205.14, ""tp"": null, ""r"": 10.27, ""atr_dist"": 11.18}, {""type"": ""fib_2618"", ""price"": 233.09, ""tp"": null, ""r"": 15.29, ""atr_dist"": 16.66}]"	NONE	False	False	null	null	null	142.96	null
ZS	65.8	66.4	62.9	ABOVE_STRUCTURE	FADING	FLAT	0.75	"{""leadership"": ""warn"", ""coil"": ""ok"", ""insti_money"": ""ok"", ""structure"": ""ok"", ""resistance"": ""warn"", ""extension"": null, ""sector"": ""strong""}"	ok	ok	warn	20.55	168.93	150.77	179.44	8.07	False	NONE	BULLISH	NONE	0	181.75	168.93	ma20	1.59	7.05	2.09	True	"[{""type"": ""resistance"", ""price"": 191.25, ""tp"": ""TP1"", ""r"": 0.74, ""atr_dist"": 1.18, ""date"": ""2026-05-26"", ""vol_ratio"": 3.04, ""vol_validated"": true}, {""type"": ""fib_1272"", ""price"": 208.51, ""tp"": ""TP2"", ""r"": 2.09, ""atr_dist"": 3.32}, {""type"": ""fib_1618"", ""price"": 230.47, ""tp"": ""TP3"", ""r"": 3.8, ""atr_dist"": 6.04}, {""type"": ""fib_2000"", ""price"": 254.71, ""tp"": null, ""r"": 5.69, ""atr_dist"": 9.05}, {""type"": ""fib_2618"", ""price"": 293.93, ""tp"": null, ""r"": 8.75, ""atr_dist"": 13.91}]"	NONE	False	False	28.9	35.3	INTERRUPTED	173.68	null
ZETA	55.3	61.3	80.8	RANGE	STRONG	null	0.58	"{""leadership"": ""--"", ""coil"": ""--"", ""insti_money"": ""--"", ""structure"": ""ok"", ""resistance"": ""--"", ""extension"": null, ""sector"": ""strong""}"	--	ok	--	28.39	26.02	22.64	19.53	1.51	False	null	null	null	null	29.07	null	null	null	null	null	False	"[{""type"": ""resistance"", ""price"": 29.89, ""date"": ""2026-08-12"", ""atr_dist"": 0.54, ""vol_ratio"": 0.81, ""vol_validated"": false}, {""type"": ""fib_1272"", ""price"": 32.83, ""atr_dist"": 2.49}, {""type"": ""fib_1618"", ""price"": 36.58, ""atr_dist"": 4.97}, {""type"": ""fib_2000"", ""price"": 40.71, ""atr_dist"": 7.71}, {""type"": ""fib_2618"", ""price"": 47.4, ""atr_dist"": 12.14}]"	null	null	null	41.0	19.7	null	27.56	no valid bracket — no structural support passes the 3 gates (atr≥1.0, rr≥2.0, risk%≤regime ceiling)
ACN	30.3	71.4	73.7	ABOVE_STRUCTURE	STRONG	FLAT	0.74	"{""leadership"": ""warn"", ""coil"": ""strong"", ""insti_money"": ""ok"", ""structure"": ""ok"", ""resistance"": ""strong"", ""extension"": null, ""sector"": ""strong""}"	strong	ok	strong	20.82	173.06	153.35	205.74	8.03	False	NONE	BULLISH	NONE	0	185.28	null	null	null	null	null	False	"[{""type"": ""resistance"", ""price"": 198.0, ""date"": ""2026-06-01"", ""atr_dist"": 1.58, ""vol_ratio"": 1.17, ""vol_validated"": false}, {""type"": ""resistance"", ""price"": 202.16, ""date"": ""2026-04-08"", ""atr_dist"": 2.1, ""vol_ratio"": 0.65, ""vol_validated"": false}, {""type"": ""resistance"", ""price"": 207.98, ""date"": ""2026-03-19"", ""atr_dist"": 2.83, ""vol_ratio"": 1.38, ""vol_validated"": true}, {""type"": ""prior_high"", ""price"": 218.6, ""atr_dist"": 4.15}, {""type"": ""fib_1272"", ""price"": 222.84, ""atr_dist"": 4.68}, {""type"": ""fib_1618"", ""price"": 228.24, ""atr_dist"": 5.35}, {""type"": ""fib_2000"", ""price"": 234.2, ""atr_dist"": 6.09}, {""type"": ""fib_2618"", ""price"": 243.84, ""atr_dist"": 7.29}]"	NONE	False	False	23.0	45.4	CORRECTION_REENTRY	177.25	no valid bracket — no structural support passes the 3 gates (atr≥1.0, rr≥2.0, risk%≤regime ceiling)
MNST	73.7	49.6	43.2	RANGE	BUILDING	ACCELERATING	0.68	"{""leadership"": ""strong"", ""coil"": ""ok"", ""insti_money"": ""strong"", ""structure"": ""ok"", ""resistance"": ""ok"", ""extension"": null, ""sector"": ""strong""}"	ok	ok	ok	0.69	47.09	47.46	41.22	1.17	False	NONE	BEARISH	BULLISH	0	47.79	null	null	null	null	null	False	"[{""type"": ""resistance"", ""price"": 49.58, ""date"": ""2026-07-07"", ""atr_dist"": 1.53, ""vol_ratio"": 1.37, ""vol_validated"": true}, {""type"": ""resistance"", ""price"": 50.17, ""date"": ""2026-07-17"", ""atr_dist"": 2.03, ""vol_ratio"": 2.61, ""vol_validated"": true}, {""type"": ""fib_1272"", ""price"": 50.93, ""atr_dist"": 2.68}, {""type"": ""fib_1618"", ""price"": 51.9, ""atr_dist"": 3.51}, {""type"": ""fib_2000"", ""price"": 52.97, ""atr_dist"": 4.43}, {""type"": ""fib_2618"", ""price"": 54.7, ""atr_dist"": 5.91}]"	NONE	False	False	10.4	57.7	ACCELERATION	46.62	no valid bracket — no structural support passes the 3 gates (atr≥1.0, rr≥2.0, risk%≤regime ceiling)
MPC	73.7	65.5	82.1	ABOVE_STRUCTURE	STRONG	DECELERATING	0.93	"{""leadership"": ""strong"", ""coil"": ""warn"", ""insti_money"": ""ok"", ""structure"": ""ok"", ""resistance"": ""ok"", ""extension"": null, ""sector"": ""strong""}"	warn	ok	ok	21.24	329.67	297.52	232.71	10.74	False	NONE	BULLISH	NONE	0	360.72	null	null	null	null	null	False	"[{""type"": ""prior_high"", ""price"": 367.6, ""atr_dist"": 0.64}, {""type"": ""fib_1272"", ""price"": 388.61, ""atr_dist"": 2.6}, {""type"": ""fib_1618"", ""price"": 415.33, ""atr_dist"": 5.08}, {""type"": ""fib_2000"", ""price"": 444.84, ""atr_dist"": 7.83}, {""type"": ""fib_2618"", ""price"": 492.57, ""atr_dist"": 12.27}]"	NONE	False	False	23.5	14.5	null	349.98	no valid bracket — no structural support passes the 3 gates (atr≥1.0, rr≥2.0, risk%≤regime ceiling)
BFLY	44.7	80.7	61.1	RANGE	STRONG	ACCELERATING	0.87	"{""leadership"": ""strong"", ""coil"": ""strong"", ""insti_money"": ""warn"", ""structure"": ""ok"", ""resistance"": ""warn"", ""extension"": null, ""sector"": ""ok""}"	strong	ok	warn	22.36	8.57	7.81	4.86	0.65	False	NONE	BULLISH	BEARISH	5	9.55	null	null	null	null	null	False	"[{""type"": ""resistance"", ""price"": 9.69, ""date"": ""2026-06-29"", ""atr_dist"": 0.22, ""vol_ratio"": 1.16, ""vol_validated"": false}, {""type"": ""resistance"", ""price"": 10.05, ""date"": ""2026-08-10"", ""atr_dist"": 0.77, ""vol_ratio"": 1.49, ""vol_validated"": true}, {""type"": ""fib_1272"", ""price"": 11.06, ""atr_dist"": 2.33}, {""type"": ""fib_1618"", ""price"": 12.34, ""atr_dist"": 4.3}, {""type"": ""fib_2000"", ""price"": 13.75, ""atr_dist"": 6.47}, {""type"": ""fib_2618"", ""price"": 16.04, ""atr_dist"": 10.0}]"	NONE	False	False	41.4	27.9	null	8.9	no valid bracket — no structural support passes the 3 gates (atr≥1.0, rr≥2.0, risk%≤regime ceiling)
ADBE	59.2	72.3	96.8	ABOVE_STRUCTURE	STRONG	ACCELERATING	0.86	"{""leadership"": ""warn"", ""coil"": ""ok"", ""insti_money"": ""ok"", ""structure"": ""ok"", ""resistance"": ""ok"", ""extension"": null, ""sector"": ""strong""}"	ok	ok	ok	18.28	260.47	232.75	270.43	11.06	False	NONE	BULLISH	NONE	0	275.3	null	null	null	null	null	False	"[{""type"": ""resistance"", ""price"": 275.44, ""date"": ""2026-06-01"", ""atr_dist"": 0.01, ""vol_ratio"": 1.75, ""vol_validated"": true}, {""type"": ""prior_high"", ""price"": 285.36, ""atr_dist"": 0.91}, {""type"": ""fib_1272"", ""price"": 292.24, ""atr_dist"": 1.53}, {""type"": ""fib_1618"", ""price"": 301.0, ""atr_dist"": 2.32}, {""type"": ""fib_2000"", ""price"": 310.67, ""atr_dist"": 3.2}, {""type"": ""fib_2618"", ""price"": 326.31, ""atr_dist"": 4.61}]"	NONE	False	False	18.7	52.5	ACCELERATION	264.24	no valid bracket — no structural support passes the 3 gates (atr≥1.0, rr≥2.0, risk%≤regime ceiling)
NWS	73.7	68.9	77.9	RANGE	STRONG	ACCELERATING	0.77	"{""leadership"": ""ok"", ""coil"": ""ok"", ""insti_money"": ""strong"", ""structure"": ""ok"", ""resistance"": ""ok"", ""extension"": null, ""sector"": ""strong""}"	ok	ok	ok	11.1	32.72	31.1	29.6	0.93	False	NONE	BULLISH	BEARISH	2	34.55	null	null	null	null	null	False	"[{""type"": ""resistance"", ""price"": 35.31, ""date"": ""2026-08-06"", ""atr_dist"": 0.82, ""vol_ratio"": 1.65, ""vol_validated"": true}, {""type"": ""fib_1272"", ""price"": 36.86, ""atr_dist"": 2.49}, {""type"": ""fib_1618"", ""price"": 38.84, ""atr_dist"": 4.63}, {""type"": ""fib_2000"", ""price"": 41.02, ""atr_dist"": 6.98}, {""type"": ""fib_2618"", ""price"": 44.55, ""atr_dist"": 10.79}]"	NONE	False	False	14.6	42.4	ACCELERATION	33.62	no valid bracket — no structural support passes the 3 gates (atr≥1.0, rr≥2.0, risk%≤regime ceiling)
VERX	61.8	77.3	70.5	BEARISH_CHOCH	BUILDING	ACCELERATING	0.33	"{""leadership"": ""warn"", ""coil"": ""ok"", ""insti_money"": ""ok"", ""structure"": ""warn"", ""resistance"": ""strong"", ""extension"": null, ""sector"": ""strong""}"	ok	warn	strong	9.43	12.72	12.31	14.92	0.71	False	NONE	BULLISH	BEARISH	2	13.47	null	null	null	null	null	False	"[{""type"": ""resistance"", ""price"": 13.73, ""date"": ""2026-04-21"", ""atr_dist"": 0.37, ""vol_ratio"": 0.86, ""vol_validated"": false}, {""type"": ""resistance"", ""price"": 14.96, ""date"": ""2026-06-01"", ""atr_dist"": 2.09, ""vol_ratio"": 1.45, ""vol_validated"": true}, {""type"": ""prior_high"", ""price"": 15.8, ""atr_dist"": 3.27}, {""type"": ""fib_1272"", ""price"": 16.33, ""atr_dist"": 4.02}, {""type"": ""fib_1618"", ""price"": 17.01, ""atr_dist"": 4.97}, {""type"": ""fib_2000"", ""price"": 17.75, ""atr_dist"": 6.01}, {""type"": ""fib_2618"", ""price"": 18.96, ""atr_dist"": 7.71}]"	NONE	False	False	19.6	52.8	null	12.76	no valid bracket — no structural support passes the 3 gates (atr≥1.0, rr≥2.0, risk%≤regime ceiling)
PBR	61.8	74.8	65.3	BEARISH_CHOCH	BUILDING	DECELERATING	1.1	"{""leadership"": ""strong"", ""coil"": ""strong"", ""insti_money"": ""strong"", ""structure"": ""warn"", ""resistance"": ""strong"", ""extension"": null, ""sector"": ""strong""}"	strong	warn	strong	7.81	18.44	17.76	16.75	0.5	False	NONE	BULLISH	BEARISH	2	19.15	18.44	ma20	1.43	3.71	3.17	True	"[{""type"": ""resistance"", ""price"": 19.31, ""tp"": ""TP1"", ""r"": 0.23, ""atr_dist"": 0.32, ""date"": ""2026-07-23"", ""vol_ratio"": 0.9, ""vol_validated"": false}, {""type"": ""resistance"", ""price"": 21.4, ""tp"": ""TP2"", ""r"": 3.17, ""atr_dist"": 4.52, ""date"": ""2026-03-30"", ""vol_ratio"": 1.31, ""vol_validated"": true}, {""type"": ""resistance"", ""price"": 22.05, ""tp"": ""TP3"", ""r"": 4.08, ""atr_dist"": 5.82, ""date"": ""2026-04-13"", ""vol_ratio"": 0.8, ""vol_validated"": false}, {""type"": ""fib_1272"", ""price"": 22.91, ""tp"": null, ""r"": 5.3, ""atr_dist"": 7.55}, {""type"": ""fib_1618"", ""price"": 23.77, ""tp"": null, ""r"": 6.51, ""atr_dist"": 9.28}, {""type"": ""fib_2000"", ""price"": 24.72, ""tp"": null, ""r"": 7.85, ""atr_dist"": 11.18}, {""type"": ""fib_2618"", ""price"": 26.25, ""tp"": null, ""r"": 10.0, ""atr_dist"": 14.26}]"	NONE	False	False	10.0	72.7	ACCELERATION	18.65	null
JPM	25.0	60.5	60.0	RANGE	FADING	DECELERATING	1.31	"{""leadership"": ""ok"", ""coil"": ""strong"", ""insti_money"": ""warn"", ""structure"": ""ok"", ""resistance"": ""ok"", ""extension"": null, ""sector"": ""warn""}"	strong	ok	ok	2.22	357.08	343.94	316.07	6.23	False	NONE	BULLISH	BEARISH	1	351.58	343.94	ma50	1.23	2.17	2.76	True	"[{""type"": ""resistance"", ""price"": 366.5, ""tp"": ""TP1"", ""r"": 1.95, ""atr_dist"": 2.39, ""date"": ""2026-08-13""}, {""type"": ""fib_1272"", ""price"": 372.68, ""tp"": ""TP2"", ""r"": 2.76, ""atr_dist"": 3.39}, {""type"": ""fib_1618"", ""price"": 380.54, ""tp"": ""TP3"", ""r"": 3.79, ""atr_dist"": 4.65}, {""type"": ""fib_2000"", ""price"": 389.22, ""tp"": null, ""r"": 4.93, ""atr_dist"": 6.04}, {""type"": ""fib_2618"", ""price"": 403.26, ""tp"": null, ""r"": 6.76, ""atr_dist"": 8.3}]"	NONE	False	False	null	null	null	345.35	null
CTVA	55.3	39.6	32.6	BEARISH_CHOCH	BUILDING	ACCELERATING	0.95	"{""leadership"": ""strong"", ""coil"": ""ok"", ""insti_money"": ""strong"", ""structure"": ""warn"", ""resistance"": ""warn"", ""extension"": null, ""sector"": ""strong""}"	ok	warn	warn	-0.09	79.81	81.86	76.34	2.22	False	NONE	BEARISH	NONE	0	81.79	null	null	null	null	null	False	"[{""type"": ""resistance"", ""price"": 84.19, ""date"": ""2026-05-14"", ""atr_dist"": 1.08, ""vol_ratio"": 1.06, ""vol_validated"": false}, {""type"": ""resistance"", ""price"": 85.63, ""date"": ""2026-04-07"", ""atr_dist"": 1.73, ""vol_ratio"": 0.67, ""vol_validated"": false}, {""type"": ""resistance"", ""price"": 87.69, ""date"": ""2026-07-07"", ""atr_dist"": 2.65, ""vol_ratio"": 0.66, ""vol_validated"": false}, {""type"": ""resistance"", ""price"": 90.97, ""date"": ""2026-07-29"", ""atr_dist"": 4.13, ""vol_ratio"": 1.15, ""vol_validated"": false}, {""type"": ""fib_1272"", ""price"": 93.14, ""atr_dist"": 5.1}, {""type"": ""fib_1618"", ""price"": 95.91, ""atr_dist"": 6.35}, {""type"": ""fib_2000"", ""price"": 98.96, ""atr_dist"": 7.72}, {""type"": ""fib_2618"", ""price"": 103.9, ""atr_dist"": 9.94}]"	NONE	False	False	19.9	42.6	INTERRUPTED	79.57	no valid bracket — no structural support passes the 3 gates (atr≥1.0, rr≥2.0, risk%≤regime ceiling)
KGC	84.2	61.3	100.0	ABOVE_STRUCTURE	STRONG	ACCELERATING	1.57	"{""leadership"": ""ok"", ""coil"": ""warn"", ""insti_money"": ""warn"", ""structure"": ""ok"", ""resistance"": ""ok"", ""extension"": null, ""sector"": ""strong""}"	warn	ok	ok	29.85	26.43	25.23	29.12	1.22	False	NONE	BULLISH	NONE	0	32.76	null	null	null	null	null	False	"[{""type"": ""resistance"", ""price"": 32.78, ""date"": ""2026-05-11"", ""atr_dist"": 0.02, ""vol_ratio"": 1.23, ""vol_validated"": true}, {""type"": ""resistance"", ""price"": 35.56, ""date"": ""2026-04-17"", ""atr_dist"": 2.3, ""vol_ratio"": 0.84, ""vol_validated"": false}, {""type"": ""fib_1272"", ""price"": 38.14, ""atr_dist"": 4.42}, {""type"": ""fib_1618"", ""price"": 41.43, ""atr_dist"": 7.12}, {""type"": ""fib_2000"", ""price"": 45.06, ""atr_dist"": 10.11}, {""type"": ""fib_2618"", ""price"": 50.93, ""atr_dist"": 14.93}]"	NONE	False	False	38.2	51.8	null	31.54	no valid bracket — no structural support passes the 3 gates (atr≥1.0, rr≥2.0, risk%≤regime ceiling)
FRSH	63.2	65.5	66.3	ABOVE_STRUCTURE	STRONG	null	0.47	"{""leadership"": ""--"", ""coil"": ""--"", ""insti_money"": ""--"", ""structure"": ""ok"", ""resistance"": ""--"", ""extension"": null, ""sector"": ""strong""}"	--	ok	--	20.13	12.0	10.8	10.1	0.55	False	null	null	null	null	12.98	null	null	null	null	null	False	"[{""type"": ""prior_high"", ""price"": 13.26, ""atr_dist"": 0.51}, {""type"": ""fib_1272"", ""price"": 13.91, ""atr_dist"": 1.69}, {""type"": ""fib_1618"", ""price"": 14.74, ""atr_dist"": 3.21}, {""type"": ""fib_2000"", ""price"": 15.65, ""atr_dist"": 4.86}, {""type"": ""fib_2618"", ""price"": 17.13, ""atr_dist"": 7.56}]"	null	null	null	23.0	37.0	null	12.43	no valid bracket — no structural support passes the 3 gates (atr≥1.0, rr≥2.0, risk%≤regime ceiling)
RELY	60.5	65.5	76.8	RANGE	STRONG	ACCELERATING	0.86	"{""leadership"": ""strong"", ""coil"": ""ok"", ""insti_money"": ""strong"", ""structure"": ""ok"", ""resistance"": ""strong"", ""extension"": null, ""sector"": ""strong""}"	ok	ok	strong	14.56	24.48	23.28	18.06	1.21	False	NONE	BULLISH	NONE	0	26.67	null	null	null	null	null	False	"[{""type"": ""resistance"", ""price"": 26.74, ""date"": ""2026-08-14"", ""atr_dist"": 0.06, ""vol_ratio"": 1.21, ""vol_validated"": true}, {""type"": ""fib_1272"", ""price"": 28.46, ""atr_dist"": 1.48}, {""type"": ""fib_1618"", ""price"": 30.13, ""atr_dist"": 2.86}, {""type"": ""fib_2000"", ""price"": 31.98, ""atr_dist"": 4.38}, {""type"": ""fib_2618"", ""price"": 34.96, ""atr_dist"": 6.85}]"	NONE	False	False	19.5	47.5	CORRECTION_REENTRY	25.46	no valid bracket — no structural support passes the 3 gates (atr≥1.0, rr≥2.0, risk%≤regime ceiling)
DHR	67.1	60.5	84.2	ABOVE_STRUCTURE	BUILDING	ACCELERATING	1.07	"{""leadership"": ""warn"", ""coil"": ""warn"", ""insti_money"": ""ok"", ""structure"": ""ok"", ""resistance"": ""strong"", ""extension"": null, ""sector"": ""strong""}"	warn	ok	strong	11.98	202.86	195.43	202.97	6.96	False	NONE	BULLISH	NONE	0	218.85	null	null	null	null	null	False	"[{""type"": ""prior_high"", ""price"": 220.67, ""atr_dist"": 0.26}, {""type"": ""fib_1272"", ""price"": 235.61, ""atr_dist"": 2.41}, {""type"": ""fib_1618"", ""price"": 254.61, ""atr_dist"": 5.14}, {""type"": ""fib_2000"", ""price"": 275.59, ""atr_dist"": 8.15}, {""type"": ""fib_2618"", ""price"": 309.53, ""atr_dist"": 13.03}]"	NONE	False	False	15.0	67.1	ACCELERATION	211.89	no valid bracket — no structural support passes the 3 gates (atr≥1.0, rr≥2.0, risk%≤regime ceiling)
RVMD	63.2	71.4	66.3	ABOVE_STRUCTURE	FADING	ACCELERATING	1.28	"{""leadership"": ""strong"", ""coil"": ""ok"", ""insti_money"": ""ok"", ""structure"": ""ok"", ""resistance"": ""warn"", ""extension"": null, ""sector"": ""strong""}"	ok	ok	warn	12.01	199.8	187.0	126.66	7.34	False	NONE	BULLISH	NONE	0	209.46	199.8	ma20	1.32	4.61	2.32	True	"[{""type"": ""prior_high"", ""price"": 220.34, ""tp"": ""TP1"", ""r"": 1.13, ""atr_dist"": 1.48}, {""type"": ""fib_1272"", ""price"": 231.84, ""tp"": ""TP2"", ""r"": 2.32, ""atr_dist"": 3.05}, {""type"": ""fib_1618"", ""price"": 246.46, ""tp"": ""TP3"", ""r"": 3.83, ""atr_dist"": 5.04}, {""type"": ""fib_2000"", ""price"": 262.61, ""tp"": null, ""r"": 5.5, ""atr_dist"": 7.25}, {""type"": ""fib_2618"", ""price"": 288.73, ""tp"": null, ""r"": 8.21, ""atr_dist"": 10.81}]"	NONE	False	False	21.2	38.2	null	202.12	null
CME	76.3	76.5	76.8	null	FADING	DECELERATING	0.92	"{""leadership"": ""ok"", ""coil"": ""strong"", ""insti_money"": ""strong"", ""structure"": ""--"", ""resistance"": ""ok"", ""extension"": null, ""sector"": ""warn""}"	strong	--	ok	9.06	265.59	252.15	278.54	6.41	False	NONE	BULLISH	NONE	0	274.98	265.59	ma20	1.46	3.41	3.52	True	"[{""type"": ""resistance"", ""price"": 292.33, ""tp"": ""TP1"", ""r"": 1.85, ""atr_dist"": 2.71, ""date"": ""2026-05-04"", ""vol_ratio"": 0.7, ""vol_validated"": false}, {""type"": ""resistance"", ""price"": 308.01, ""tp"": ""TP2"", ""r"": 3.52, ""atr_dist"": 5.15, ""date"": ""2026-05-19"", ""vol_ratio"": 0.92, ""vol_validated"": false}, {""type"": ""resistance"", ""price"": 312.68, ""tp"": ""TP3"", ""r"": 4.01, ""atr_dist"": 5.88, ""date"": ""2026-04-07"", ""vol_ratio"": 0.74, ""vol_validated"": false}, {""type"": ""resistance"", ""price"": 316.75, ""tp"": null, ""r"": 4.45, ""atr_dist"": 6.51, ""date"": ""2026-03-17"", ""vol_ratio"": 0.56, ""vol_validated"": false}]"	BREAKOUT_UP	True	False	9.1	54.3	CORRECTION_REENTRY	268.57	null
BULL	57.9	51.3	68.4	ABOVE_STRUCTURE	BUILDING	ACCELERATING	2.33	"{""leadership"": ""warn"", ""coil"": ""warn"", ""insti_money"": ""strong"", ""structure"": ""ok"", ""resistance"": ""warn"", ""extension"": null, ""sector"": ""strong""}"	warn	ok	warn	19.04	7.68	7.38	7.18	0.48	False	NONE	BULLISH	NONE	0	8.78	8.08	fib_618	1.44	7.97	2.84	True	"[{""type"": ""prior_high"", ""price"": 9.95, ""tp"": ""TP1"", ""r"": 1.67, ""atr_dist"": 2.41}, {""type"": ""fib_1272"", ""price"": 10.77, ""tp"": ""TP2"", ""r"": 2.84, ""atr_dist"": 4.1}, {""type"": ""fib_1618"", ""price"": 11.82, ""tp"": ""TP3"", ""r"": 4.34, ""atr_dist"": 6.27}, {""type"": ""fib_2000"", ""price"": 12.97, ""tp"": null, ""r"": 5.99, ""atr_dist"": 8.64}, {""type"": ""fib_2618"", ""price"": 14.84, ""tp"": null, ""r"": 8.66, ""atr_dist"": 12.49}]"	NONE	False	False	35.8	66.6	CORRECTION_REENTRY	8.29	null
ESTC	72.4	65.5	60.0	ABOVE_STRUCTURE	STRONG	ACCELERATING	0.63	"{""leadership"": ""warn"", ""coil"": ""warn"", ""insti_money"": ""ok"", ""structure"": ""ok"", ""resistance"": ""ok"", ""extension"": null, ""sector"": ""strong""}"	warn	ok	ok	30.67	75.13	65.77	63.88	3.56	False	NONE	BULLISH	NONE	0	85.94	null	null	null	null	null	False	"[{""type"": ""prior_high"", ""price"": 88.21, ""atr_dist"": 0.64}, {""type"": ""fib_1272"", ""price"": 96.95, ""atr_dist"": 3.09}, {""type"": ""fib_1618"", ""price"": 108.08, ""atr_dist"": 6.22}, {""type"": ""fib_2000"", ""price"": 120.36, ""atr_dist"": 9.67}, {""type"": ""fib_2618"", ""price"": 140.23, ""atr_dist"": 15.25}]"	NONE	False	False	38.9	18.2	null	82.38	no valid bracket — no structural support passes the 3 gates (atr≥1.0, rr≥2.0, risk%≤regime ceiling)
PGR	52.6	61.3	51.6	BULLISH_BOS	BUILDING	ACCELERATING	0.74	"{""leadership"": ""ok"", ""coil"": ""strong"", ""insti_money"": ""warn"", ""structure"": ""strong"", ""resistance"": ""warn"", ""extension"": null, ""sector"": ""warn""}"	strong	strong	warn	1.99	213.24	214.99	210.46	5.4	False	NONE	BULLISH	NONE	0	219.28	213.24	ma_cluster	1.12	2.75	3.33	True	"[{""type"": ""resistance"", ""price"": 223.1, ""tp"": ""TP1"", ""r"": 0.63, ""atr_dist"": 0.71, ""date"": ""2026-07-29"", ""vol_ratio"": 0.93, ""vol_validated"": false}, {""type"": ""resistance"", ""price"": 239.38, ""tp"": ""TP2"", ""r"": 3.33, ""atr_dist"": 3.72, ""date"": ""2026-07-07"", ""vol_ratio"": 0.87, ""vol_validated"": false}, {""type"": ""fib_1272"", ""price"": 253.03, ""tp"": ""TP3"", ""r"": 5.59, ""atr_dist"": 6.25}, {""type"": ""fib_1618"", ""price"": 270.39, ""tp"": null, ""r"": 8.46, ""atr_dist"": 9.46}, {""type"": ""fib_2000"", ""price"": 289.56, ""tp"": null, ""r"": 11.64, ""atr_dist"": 13.01}, {""type"": ""fib_2618"", ""price"": 320.57, ""tp"": null, ""r"": 16.77, ""atr_dist"": 18.74}]"	NONE	False	False	9.7	100.0	ACCELERATION	213.88	null
EQNR	73.7	79.0	84.2	ABOVE_STRUCTURE	FADING	DECELERATING	0.62	"{""leadership"": ""strong"", ""coil"": ""ok"", ""insti_money"": ""strong"", ""structure"": ""ok"", ""resistance"": ""ok"", ""extension"": null, ""sector"": ""strong""}"	ok	ok	ok	15.9	40.54	36.98	32.54	1.07	False	NONE	BULLISH	NONE	0	42.86	null	null	null	null	null	False	"[{""type"": ""resistance"", ""price"": 43.46, ""date"": ""2026-03-31"", ""atr_dist"": 0.56, ""vol_ratio"": 0.97, ""vol_validated"": false}, {""type"": ""fib_1272"", ""price"": 46.93, ""atr_dist"": 3.8}, {""type"": ""fib_1618"", ""price"": 51.35, ""atr_dist"": 7.92}, {""type"": ""fib_2000"", ""price"": 56.22, ""atr_dist"": 12.46}, {""type"": ""fib_2618"", ""price"": 64.11, ""atr_dist"": 19.82}]"	NONE	False	False	13.1	38.8	SUSTAINED	41.79	no valid bracket — no structural support passes the 3 gates (atr≥1.0, rr≥2.0, risk%≤regime ceiling)
ROKU	71.1	69.7	73.7	ABOVE_STRUCTURE	STRONG	ACCELERATING	0.5	"{""leadership"": ""strong"", ""coil"": ""ok"", ""insti_money"": ""strong"", ""structure"": ""ok"", ""resistance"": ""ok"", ""extension"": null, ""sector"": ""strong""}"	ok	ok	ok	9.29	150.97	144.11	115.29	2.14	False	NONE	BULLISH	NONE	0	157.49	null	null	null	null	null	False	"[{""type"": ""prior_high"", ""price"": 159.69, ""atr_dist"": 1.03}, {""type"": ""fib_1272"", ""price"": 164.71, ""atr_dist"": 3.37}, {""type"": ""fib_1618"", ""price"": 171.09, ""atr_dist"": 6.34}, {""type"": ""fib_2000"", ""price"": 178.13, ""atr_dist"": 9.63}, {""type"": ""fib_2618"", ""price"": 189.53, ""atr_dist"": 14.94}]"	NONE	False	False	12.0	17.1	null	155.35	no valid bracket — no structural support passes the 3 gates (atr≥1.0, rr≥2.0, risk%≤regime ceiling)
F	63.2	51.5	50.5	RANGE	BUILDING	ACCELERATING	0.91	"{""leadership"": ""warn"", ""coil"": ""strong"", ""insti_money"": ""strong"", ""structure"": ""ok"", ""resistance"": ""warn"", ""extension"": null, ""sector"": ""strong""}"	strong	ok	warn	1.78	14.3	14.16	13.46	0.47	False	NONE	BULLISH	NONE	0	14.41	null	null	null	null	null	False	"[{""type"": ""resistance"", ""price"": 14.94, ""date"": ""2026-05-14"", ""atr_dist"": 1.14, ""vol_ratio"": 3.19, ""vol_validated"": true}, {""type"": ""resistance"", ""price"": 15.48, ""date"": ""2026-06-15"", ""atr_dist"": 2.3, ""vol_ratio"": 0.7, ""vol_validated"": false}, {""type"": ""resistance"", ""price"": 16.29, ""date"": ""2026-07-29"", ""atr_dist"": 4.03, ""vol_ratio"": 1.82, ""vol_validated"": true}, {""type"": ""resistance"", ""price"": 17.78, ""date"": ""2026-05-29"", ""atr_dist"": 7.23, ""vol_ratio"": 1.87, ""vol_validated"": true}, {""type"": ""fib_1272"", ""price"": 19.5, ""atr_dist"": 10.92}, {""type"": ""fib_1618"", ""price"": 21.69, ""atr_dist"": 15.62}, {""type"": ""fib_2000"", ""price"": 24.1, ""atr_dist"": 20.79}, {""type"": ""fib_2618"", ""price"": 28.01, ""atr_dist"": 29.18}]"	NONE	False	False	16.9	30.4	INTERRUPTED	13.94	no valid bracket — no structural support passes the 3 gates (atr≥1.0, rr≥2.0, risk%≤regime ceiling)
TGT	76.3	56.3	73.7	ABOVE_STRUCTURE	STRONG	ACCELERATING	1.46	"{""leadership"": ""strong"", ""coil"": ""warn"", ""insti_money"": ""warn"", ""structure"": ""ok"", ""resistance"": ""ok"", ""extension"": null, ""sector"": ""strong""}"	warn	ok	ok	17.39	150.79	140.93	118.82	4.98	False	NONE	BULLISH	NONE	0	165.44	null	null	null	null	null	False	"[{""type"": ""prior_high"", ""price"": 165.48, ""atr_dist"": 0.01}, {""type"": ""fib_1272"", ""price"": 174.44, ""atr_dist"": 1.81}, {""type"": ""fib_1618"", ""price"": 185.83, ""atr_dist"": 4.09}, {""type"": ""fib_2000"", ""price"": 198.41, ""atr_dist"": 6.62}, {""type"": ""fib_2618"", ""price"": 218.76, ""atr_dist"": 10.71}]"	NONE	False	False	18.5	66.8	ACCELERATION	160.46	no valid bracket — no structural support passes the 3 gates (atr≥1.0, rr≥2.0, risk%≤regime ceiling)
INTU	67.1	71.4	73.1	ABOVE_STRUCTURE	FADING	ACCELERATING	0.92	"{""leadership"": ""warn"", ""coil"": ""ok"", ""insti_money"": ""ok"", ""structure"": ""ok"", ""resistance"": ""ok"", ""extension"": null, ""sector"": ""strong""}"	ok	ok	ok	22.61	334.28	299.33	442.47	14.53	False	NONE	BULLISH	NONE	0	367.0	335.15	ma100	2.19	8.68	3.65	True	"[{""type"": ""resistance"", ""price"": 418.15, ""tp"": ""TP1"", ""r"": 1.61, ""atr_dist"": 3.52, ""date"": ""2026-05-04"", ""vol_ratio"": 0.72, ""vol_validated"": false}, {""type"": ""prior_high"", ""price"": 483.21, ""tp"": ""TP2"", ""r"": 3.65, ""atr_dist"": 8.0}, {""type"": ""fib_1272"", ""price"": 502.69, ""tp"": ""TP3"", ""r"": 4.26, ""atr_dist"": 9.34}, {""type"": ""fib_1618"", ""price"": 527.46, ""tp"": null, ""r"": 5.04, ""atr_dist"": 11.05}, {""type"": ""fib_2000"", ""price"": 554.82, ""tp"": null, ""r"": 5.9, ""atr_dist"": 12.93}, {""type"": ""fib_2618"", ""price"": 599.07, ""tp"": null, ""r"": 7.29, ""atr_dist"": 15.98}]"	NONE	False	False	21.5	52.4	null	352.48	null
EFX	67.1	74.8	74.7	BULLISH_BOS	BUILDING	ACCELERATING	0.9	"{""leadership"": ""warn"", ""coil"": ""ok"", ""insti_money"": ""ok"", ""structure"": ""strong"", ""resistance"": ""strong"", ""extension"": null, ""sector"": ""warn""}"	ok	strong	strong	11.99	181.64	172.0	188.73	7.13	False	NONE	BULLISH	NONE	0	192.62	null	null	null	null	null	False	"[{""type"": ""resistance"", ""price"": 200.09, ""date"": ""2026-04-20"", ""atr_dist"": 1.05, ""vol_ratio"": 1.31, ""vol_validated"": true}, {""type"": ""prior_high"", ""price"": 211.12, ""atr_dist"": 2.6}, {""type"": ""fib_1618"", ""price"": 217.7, ""atr_dist"": 3.52}, {""type"": ""fib_2000"", ""price"": 221.76, ""atr_dist"": 4.09}, {""type"": ""fib_2618"", ""price"": 228.34, ""atr_dist"": 5.01}]"	NONE	False	False	13.5	80.0	ACCELERATION	185.49	no valid bracket — no structural support passes the 3 gates (atr≥1.0, rr≥2.0, risk%≤regime ceiling)
GFI	84.2	63.0	80.0	ABOVE_STRUCTURE	STRONG	FLAT	1.33	"{""leadership"": ""ok"", ""coil"": ""warn"", ""insti_money"": ""ok"", ""structure"": ""ok"", ""resistance"": ""ok"", ""extension"": null, ""sector"": ""strong""}"	warn	ok	ok	33.13	38.43	35.91	43.35	1.85	False	NONE	BULLISH	NONE	0	47.81	null	null	null	null	null	False	"[{""type"": ""resistance"", ""price"": 51.21, ""date"": ""2026-04-17"", ""atr_dist"": 1.84, ""vol_ratio"": 1.22, ""vol_validated"": true}, {""type"": ""resistance"", ""price"": 52.97, ""date"": ""2026-04-08"", ""atr_dist"": 2.79, ""vol_ratio"": 1.18, ""vol_validated"": false}, {""type"": ""fib_1272"", ""price"": 54.78, ""atr_dist"": 3.77}, {""type"": ""fib_1618"", ""price"": 56.7, ""atr_dist"": 4.81}, {""type"": ""fib_2000"", ""price"": 58.83, ""atr_dist"": 5.96}, {""type"": ""fib_2618"", ""price"": 62.27, ""atr_dist"": 7.82}]"	NONE	False	False	41.6	41.4	null	45.96	no valid bracket — no structural support passes the 3 gates (atr≥1.0, rr≥2.0, risk%≤regime ceiling)
GTLB	55.3	67.2	64.2	RANGE	STRONG	ACCELERATING	0.73	"{""leadership"": ""warn"", ""coil"": ""warn"", ""insti_money"": ""warn"", ""structure"": ""ok"", ""resistance"": ""warn"", ""extension"": null, ""sector"": ""strong""}"	warn	ok	warn	23.8	38.45	33.66	31.58	2.02	False	NONE	BULLISH	NONE	0	41.67	null	null	null	null	null	False	"[{""type"": ""resistance"", ""price"": 43.81, ""date"": ""2026-08-14"", ""atr_dist"": 1.06, ""vol_ratio"": 1.12, ""vol_validated"": false}, {""type"": ""fib_1272"", ""price"": 47.61, ""atr_dist"": 2.94}, {""type"": ""fib_1618"", ""price"": 52.44, ""atr_dist"": 5.34}, {""type"": ""fib_2000"", ""price"": 57.77, ""atr_dist"": 7.98}, {""type"": ""fib_2618"", ""price"": 66.4, ""atr_dist"": 12.25}]"	NONE	False	False	31.7	19.0	null	39.65	no valid bracket — no structural support passes the 3 gates (atr≥1.0, rr≥2.0, risk%≤regime ceiling)
SSRM	67.1	62.2	84.2	ABOVE_STRUCTURE	STRONG	ACCELERATING	1.3	"{""leadership"": ""strong"", ""coil"": ""warn"", ""insti_money"": ""warn"", ""structure"": ""ok"", ""resistance"": ""ok"", ""extension"": null, ""sector"": ""strong""}"	warn	ok	ok	29.25	30.32	29.22	27.27	1.65	False	NONE	BULLISH	NONE	0	37.77	null	null	null	null	null	False	"[{""type"": ""prior_high"", ""price"": 38.4, ""atr_dist"": 0.38}, {""type"": ""fib_1272"", ""price"": 42.27, ""atr_dist"": 2.73}, {""type"": ""fib_1618"", ""price"": 47.19, ""atr_dist"": 5.72}, {""type"": ""fib_2000"", ""price"": 52.63, ""atr_dist"": 9.03}, {""type"": ""fib_2618"", ""price"": 61.42, ""atr_dist"": 14.37}]"	NONE	False	False	45.5	43.3	null	36.12	no valid bracket — no structural support passes the 3 gates (atr≥1.0, rr≥2.0, risk%≤regime ceiling)
DKNG	50.0	54.6	56.8	ABOVE_STRUCTURE	BUILDING	ACCELERATING	0.66	"{""leadership"": ""warn"", ""coil"": ""ok"", ""insti_money"": ""ok"", ""structure"": ""ok"", ""resistance"": ""warn"", ""extension"": null, ""sector"": ""strong""}"	ok	ok	warn	3.81	24.4	25.21	27.0	1.25	False	NONE	BULLISH	BULLISH	0	26.17	null	null	null	null	null	False	"[{""type"": ""resistance"", ""price"": 26.24, ""date"": ""2026-05-19"", ""atr_dist"": 0.06, ""vol_ratio"": 0.68, ""vol_validated"": false}, {""type"": ""resistance"", ""price"": 27.21, ""date"": ""2026-05-08"", ""atr_dist"": 0.83, ""vol_ratio"": 2.3, ""vol_validated"": true}, {""type"": ""resistance"", ""price"": 30.13, ""date"": ""2026-06-12"", ""atr_dist"": 3.18, ""vol_ratio"": 1.05, ""vol_validated"": false}, {""type"": ""fib_1272"", ""price"": 31.69, ""atr_dist"": 4.43}, {""type"": ""fib_1618"", ""price"": 33.66, ""atr_dist"": 6.01}, {""type"": ""fib_2000"", ""price"": 35.85, ""atr_dist"": 7.76}, {""type"": ""fib_2618"", ""price"": 39.38, ""atr_dist"": 10.59}]"	NONE	False	False	22.1	47.8	INTERRUPTED	24.92	no valid bracket — no structural support passes the 3 gates (atr≥1.0, rr≥2.0, risk%≤regime ceiling)
HOOD	100.0	74.8	41.5	RANGE	BUILDING	ACCELERATING	2.75	"{""leadership"": ""warn"", ""coil"": ""strong"", ""insti_money"": ""strong"", ""structure"": ""ok"", ""resistance"": ""warn"", ""extension"": null, ""sector"": ""warn""}"	strong	ok	warn	7.8	93.88	100.31	96.08	6.12	False	NONE	BEARISH	NONE	0	108.13	null	null	null	null	null	False	"[{""type"": ""resistance"", ""price"": 112.5, ""date"": ""2026-06-22"", ""atr_dist"": 0.71, ""vol_ratio"": 0.9, ""vol_validated"": false}, {""type"": ""resistance"", ""price"": 120.05, ""date"": ""2026-07-02"", ""atr_dist"": 1.95, ""vol_ratio"": 1.2, ""vol_validated"": true}, {""type"": ""fib_1272"", ""price"": 127.46, ""atr_dist"": 3.16}, {""type"": ""fib_1618"", ""price"": 136.89, ""atr_dist"": 4.7}, {""type"": ""fib_2000"", ""price"": 147.3, ""atr_dist"": 6.4}, {""type"": ""fib_2618"", ""price"": 164.14, ""atr_dist"": 9.15}]"	BREAKOUT_UP	True	True	26.9	67.5	CORRECTION_REENTRY	102.01	no valid bracket — no structural support passes the 3 gates (atr≥1.0, rr≥2.0, risk%≤regime ceiling)
A	88.2	68.9	63.2	ABOVE_STRUCTURE	STRONG	null	1.63	"{""leadership"": ""--"", ""coil"": ""--"", ""insti_money"": ""--"", ""structure"": ""ok"", ""resistance"": ""--"", ""extension"": null, ""sector"": ""strong""}"	--	ok	--	15.62	145.75	137.52	131.3	4.03	False	null	null	null	null	159.0	null	null	null	null	null	False	"[{""type"": ""prior_high"", ""price"": 160.51, ""atr_dist"": 0.37}, {""type"": ""fib_1272"", ""price"": 167.24, ""atr_dist"": 2.04}, {""type"": ""fib_1618"", ""price"": 175.79, ""atr_dist"": 4.16}, {""type"": ""fib_2000"", ""price"": 185.24, ""atr_dist"": 6.51}, {""type"": ""fib_2618"", ""price"": 200.52, ""atr_dist"": 10.3}]"	null	null	null	16.7	51.9	null	154.97	no valid bracket — no structural support passes the 3 gates (atr≥1.0, rr≥2.0, risk%≤regime ceiling)
RBRK	57.9	63.9	54.1	RANGE	FADING	null	0.7	"{""leadership"": ""--"", ""coil"": ""--"", ""insti_money"": ""--"", ""structure"": ""ok"", ""resistance"": ""--"", ""extension"": null, ""sector"": ""strong""}"	--	ok	--	22.21	88.76	81.9	67.85	4.88	False	null	null	null	null	100.09	null	null	null	null	null	False	"[{""type"": ""resistance"", ""price"": 106.5, ""date"": ""2026-08-14"", ""atr_dist"": 1.31, ""vol_ratio"": 0.92, ""vol_validated"": false}, {""type"": ""fib_1272"", ""price"": 117.16, ""atr_dist"": 3.5}, {""type"": ""fib_1618"", ""price"": 130.72, ""atr_dist"": 6.27}, {""type"": ""fib_2000"", ""price"": 145.69, ""atr_dist"": 9.34}, {""type"": ""fib_2618"", ""price"": 169.91, ""atr_dist"": 14.3}]"	null	null	null	45.1	21.3	null	95.21	no valid bracket — no structural support passes the 3 gates (atr≥1.0, rr≥2.0, risk%≤regime ceiling)
CNH	84.2	57.1	58.3	null	BUILDING	ACCELERATING	1.44	"{""leadership"": ""warn"", ""coil"": ""warn"", ""insti_money"": ""strong"", ""structure"": ""--"", ""resistance"": ""strong"", ""extension"": null, ""sector"": ""warn""}"	warn	--	strong	11.48	10.73	10.65	10.63	0.49	False	NONE	BEARISH	MIXED	3	11.87	null	null	null	null	null	False	"[{""type"": ""resistance"", ""price"": 12.02, ""date"": ""2026-08-03"", ""atr_dist"": 0.3, ""vol_ratio"": 3.04, ""vol_validated"": true}]"	NONE	False	False	18.0	94.9	INTERRUPTED	11.38	no valid bracket — no structural support passes the 3 gates (atr≥1.0, rr≥2.0, risk%≤regime ceiling)
COIN	100.0	58.8	70.3	ABOVE_STRUCTURE	BUILDING	ACCELERATING	2.66	"{""leadership"": ""warn"", ""coil"": ""warn"", ""insti_money"": ""strong"", ""structure"": ""ok"", ""resistance"": ""ok"", ""extension"": null, ""sector"": ""warn""}"	warn	ok	ok	17.66	155.8	158.51	198.53	10.04	False	NONE	BULLISH	BULLISH	0	186.49	172.42	ma100	1.4	7.54	2.55	True	"[{""type"": ""resistance"", ""price"": 213.47, ""tp"": ""TP1"", ""r"": 1.92, ""atr_dist"": 2.69, ""date"": ""2026-03-17"", ""vol_ratio"": 0.91, ""vol_validated"": false}, {""type"": ""resistance"", ""price"": 222.35, ""tp"": ""TP2"", ""r"": 2.55, ""atr_dist"": 3.57, ""date"": ""2026-05-14"", ""vol_ratio"": 1.59, ""vol_validated"": true}, {""type"": ""fib_1272"", ""price"": 233.11, ""tp"": ""TP3"", ""r"": 3.31, ""atr_dist"": 4.64}, {""type"": ""fib_1618"", ""price"": 246.79, ""tp"": null, ""r"": 4.29, ""atr_dist"": 6.0}, {""type"": ""fib_2000"", ""price"": 261.9, ""tp"": null, ""r"": 5.36, ""atr_dist"": 7.51}, {""type"": ""fib_2618"", ""price"": 286.34, ""tp"": null, ""r"": 7.1, ""atr_dist"": 9.94}]"	NONE	False	False	31.6	85.0	ACCELERATION	176.45	null
HRB	42.1	75.6	55.8	RANGE	STRONG	FLAT	0.59	"{""leadership"": ""ok"", ""coil"": ""warn"", ""insti_money"": ""warn"", ""structure"": ""ok"", ""resistance"": ""warn"", ""extension"": null, ""sector"": ""strong""}"	warn	ok	warn	26.52	48.31	42.43	38.5	2.24	False	NONE	BULLISH	NONE	0	53.68	null	null	null	null	null	False	"[{""type"": ""resistance"", ""price"": 58.67, ""date"": ""2026-08-12"", ""atr_dist"": 2.23, ""vol_ratio"": 3.44, ""vol_validated"": true}, {""type"": ""fib_1272"", ""price"": 64.05, ""atr_dist"": 4.63}, {""type"": ""fib_1618"", ""price"": 70.89, ""atr_dist"": 7.68}, {""type"": ""fib_2000"", ""price"": 78.45, ""atr_dist"": 11.05}, {""type"": ""fib_2618"", ""price"": 90.67, ""atr_dist"": 16.51}]"	NONE	False	False	35.7	19.8	null	51.44	no valid bracket — no structural support passes the 3 gates (atr≥1.0, rr≥2.0, risk%≤regime ceiling)
SHO	73.7	50.4	30.9	RANGE	BUILDING	ACCELERATING	0.62	"{""leadership"": ""warn"", ""coil"": ""ok"", ""insti_money"": ""strong"", ""structure"": ""ok"", ""resistance"": ""ok"", ""extension"": null, ""sector"": ""ok""}"	ok	ok	ok	-1.51	11.3	11.46	10.0	0.27	False	NONE	BEARISH	NONE	0	11.29	10.99	swing_low_2	1.11	2.66	4.8	True	"[{""type"": ""resistance"", ""price"": 11.95, ""tp"": ""TP1"", ""r"": 2.2, ""atr_dist"": 2.44, ""date"": ""2026-08-03"", ""vol_ratio"": 0.96, ""vol_validated"": false}, {""type"": ""fib_1272"", ""price"": 12.73, ""tp"": ""TP2"", ""r"": 4.8, ""atr_dist"": 5.33}, {""type"": ""fib_1618"", ""price"": 13.57, ""tp"": ""TP3"", ""r"": 7.6, ""atr_dist"": 8.44}, {""type"": ""fib_2000"", ""price"": 14.5, ""tp"": null, ""r"": 10.7, ""atr_dist"": 11.89}, {""type"": ""fib_2618"", ""price"": 16.0, ""tp"": null, ""r"": 15.7, ""atr_dist"": 17.44}]"	NONE	False	False	14.9	36.9	INTERRUPTED	11.02	null
RIO	72.4	73.1	61.1	ABOVE_STRUCTURE	BUILDING	null	1.31	"{""leadership"": ""--"", ""coil"": ""--"", ""insti_money"": ""--"", ""structure"": ""ok"", ""resistance"": ""--"", ""extension"": null, ""sector"": ""strong""}"	--	ok	--	9.41	98.41	96.25	91.62	2.5	False	null	null	null	null	105.3	102.56	fib_618	1.09	2.6	2.52	True	"[{""type"": ""resistance"", ""price"": 107.4, ""tp"": ""TP1"", ""r"": 0.77, ""atr_dist"": 0.84, ""date"": ""2026-06-15"", ""vol_ratio"": 1.14, ""vol_validated"": false}, {""type"": ""resistance"", ""price"": 112.21, ""tp"": ""TP2"", ""r"": 2.52, ""atr_dist"": 2.76, ""date"": ""2026-06-02"", ""vol_ratio"": 0.84, ""vol_validated"": false}, {""type"": ""fib_1272"", ""price"": 116.99, ""tp"": ""TP3"", ""r"": 4.27, ""atr_dist"": 4.67}, {""type"": ""fib_1618"", ""price"": 122.6, ""tp"": null, ""r"": 6.31, ""atr_dist"": 6.91}, {""type"": ""fib_2000"", ""price"": 128.79, ""tp"": null, ""r"": 8.57, ""atr_dist"": 9.38}, {""type"": ""fib_2618"", ""price"": 138.81, ""tp"": null, ""r"": 12.23, ""atr_dist"": 13.39}]"	null	null	null	15.7	60.4	ACCELERATION	102.8	null
KDP	73.7	66.4	66.3	RANGE	BUILDING	ACCELERATING	0.71	"{""leadership"": ""warn"", ""coil"": ""ok"", ""insti_money"": ""strong"", ""structure"": ""ok"", ""resistance"": ""warn"", ""extension"": null, ""sector"": ""strong""}"	ok	ok	warn	2.95	30.75	31.12	28.85	0.96	False	NONE	BEARISH	BULLISH	0	32.04	null	null	null	null	null	False	"[{""type"": ""resistance"", ""price"": 32.31, ""date"": ""2026-06-16"", ""atr_dist"": 0.28, ""vol_ratio"": 0.98, ""vol_validated"": false}, {""type"": ""resistance"", ""price"": 33.14, ""date"": ""2026-08-06"", ""atr_dist"": 1.14, ""vol_ratio"": 1.44, ""vol_validated"": true}, {""type"": ""resistance"", ""price"": 33.82, ""date"": ""2026-06-29"", ""atr_dist"": 1.85, ""vol_ratio"": 0.96, ""vol_validated"": false}, {""type"": ""fib_1272"", ""price"": 34.91, ""atr_dist"": 2.98}, {""type"": ""fib_1618"", ""price"": 36.29, ""atr_dist"": 4.41}, {""type"": ""fib_2000"", ""price"": 37.81, ""atr_dist"": 5.99}, {""type"": ""fib_2618"", ""price"": 40.28, ""atr_dist"": 8.56}]"	NONE	False	False	14.5	47.0	ACCELERATION	31.08	no valid bracket — no structural support passes the 3 gates (atr≥1.0, rr≥2.0, risk%≤regime ceiling)
PK	57.9	76.5	71.6	BULLISH_BOS	BUILDING	ACCELERATING	0.81	"{""leadership"": ""strong"", ""coil"": ""strong"", ""insti_money"": ""warn"", ""structure"": ""strong"", ""resistance"": ""strong"", ""extension"": null, ""sector"": ""ok""}"	strong	strong	strong	7.17	15.07	14.72	12.02	0.42	False	NONE	BULLISH	NONE	0	15.78	null	null	null	null	null	False	"[{""type"": ""prior_high"", ""price"": 15.97, ""atr_dist"": 0.45}, {""type"": ""fib_1272"", ""price"": 16.43, ""atr_dist"": 1.55}, {""type"": ""fib_1618"", ""price"": 17.01, ""atr_dist"": 2.94}, {""type"": ""fib_2000"", ""price"": 17.66, ""atr_dist"": 4.49}, {""type"": ""fib_2618"", ""price"": 18.7, ""atr_dist"": 6.97}]"	NONE	False	False	11.2	66.9	null	15.36	no valid bracket — no structural support passes the 3 gates (atr≥1.0, rr≥2.0, risk%≤regime ceiling)
FLYW	68.4	72.3	87.4	ABOVE_STRUCTURE	STRONG	ACCELERATING	0.91	"{""leadership"": ""ok"", ""coil"": ""ok"", ""insti_money"": ""strong"", ""structure"": ""ok"", ""resistance"": ""ok"", ""extension"": null, ""sector"": ""warn""}"	ok	ok	ok	12.99	17.65	17.29	14.49	0.74	False	NONE	BULLISH	NONE	0	19.54	null	null	null	null	null	False	"[{""type"": ""prior_high"", ""price"": 19.59, ""atr_dist"": 0.07}, {""type"": ""fib_1272"", ""price"": 20.68, ""atr_dist"": 1.54}, {""type"": ""fib_1618"", ""price"": 22.06, ""atr_dist"": 3.41}, {""type"": ""fib_2000"", ""price"": 23.58, ""atr_dist"": 5.47}, {""type"": ""fib_2618"", ""price"": 26.05, ""atr_dist"": 8.82}]"	NONE	False	False	22.7	32.9	CORRECTION_REENTRY	18.8	no valid bracket — no structural support passes the 3 gates (atr≥1.0, rr≥2.0, risk%≤regime ceiling)
CMG	73.7	64.7	60.0	RANGE	BUILDING	ACCELERATING	1.06	"{""leadership"": ""warn"", ""coil"": ""warn"", ""insti_money"": ""strong"", ""structure"": ""ok"", ""resistance"": ""warn"", ""extension"": null, ""sector"": ""strong""}"	warn	ok	warn	9.46	34.29	33.71	34.52	1.38	False	NONE	BULLISH	NONE	0	36.9	null	null	null	null	null	False	"[{""type"": ""resistance"", ""price"": 37.08, ""date"": ""2026-04-21"", ""atr_dist"": 0.13, ""vol_ratio"": 1.01, ""vol_validated"": false}, {""type"": ""resistance"", ""price"": 39.09, ""date"": ""2026-07-30"", ""atr_dist"": 1.58, ""vol_ratio"": 2.03, ""vol_validated"": true}, {""type"": ""fib_1272"", ""price"": 41.16, ""atr_dist"": 3.08}, {""type"": ""fib_1618"", ""price"": 43.8, ""atr_dist"": 4.99}, {""type"": ""fib_2000"", ""price"": 46.71, ""atr_dist"": 7.09}, {""type"": ""fib_2618"", ""price"": 51.42, ""atr_dist"": 10.5}]"	NONE	False	False	21.1	51.8	ACCELERATION	35.52	no valid bracket — no structural support passes the 3 gates (atr≥1.0, rr≥2.0, risk%≤regime ceiling)
ABNB	57.9	70.6	73.7	BULLISH_BOS	STRONG	ACCELERATING	0.8	"{""leadership"": ""strong"", ""coil"": ""warn"", ""insti_money"": ""warn"", ""structure"": ""strong"", ""resistance"": ""ok"", ""extension"": null, ""sector"": ""strong""}"	warn	strong	ok	21.94	168.98	153.6	136.17	5.75	False	NONE	BULLISH	NONE	0	187.3	null	null	null	null	null	False	"[{""type"": ""prior_high"", ""price"": 189.2, ""atr_dist"": 0.33}, {""type"": ""fib_1272"", ""price"": 203.75, ""atr_dist"": 2.86}, {""type"": ""fib_1618"", ""price"": 222.25, ""atr_dist"": 6.08}, {""type"": ""fib_2000"", ""price"": 242.68, ""atr_dist"": 9.63}, {""type"": ""fib_2618"", ""price"": 275.73, ""atr_dist"": 15.38}]"	NONE	False	False	27.8	20.2	null	181.55	no valid bracket — no structural support passes the 3 gates (atr≥1.0, rr≥2.0, risk%≤regime ceiling)
WRBY	34.2	56.3	45.7	RANGE	BUILDING	ACCELERATING	0.61	"{""leadership"": ""warn"", ""coil"": ""ok"", ""insti_money"": ""ok"", ""structure"": ""ok"", ""resistance"": ""warn"", ""extension"": null, ""sector"": ""strong""}"	ok	ok	warn	1.95	26.68	26.92	24.47	1.69	False	NONE	BEARISH	BEARISH	5	27.44	null	null	null	null	null	False	"[{""type"": ""resistance"", ""price"": 27.9, ""date"": ""2026-06-15"", ""atr_dist"": 0.27, ""vol_ratio"": 0.97, ""vol_validated"": false}, {""type"": ""resistance"", ""price"": 30.2, ""date"": ""2026-05-19"", ""atr_dist"": 1.64, ""vol_ratio"": 3.5, ""vol_validated"": true}, {""type"": ""fib_1272"", ""price"": 32.95, ""atr_dist"": 3.27}, {""type"": ""fib_1618"", ""price"": 35.52, ""atr_dist"": 4.79}, {""type"": ""fib_2000"", ""price"": 38.36, ""atr_dist"": 6.47}, {""type"": ""fib_2618"", ""price"": 42.95, ""atr_dist"": 9.19}]"	NONE	False	False	23.2	58.0	ACCELERATION	25.75	no valid bracket — no structural support passes the 3 gates (atr≥1.0, rr≥2.0, risk%≤regime ceiling)
APLE	73.7	64.7	49.5	RANGE	BUILDING	ACCELERATING	0.96	"{""leadership"": ""strong"", ""coil"": ""ok"", ""insti_money"": ""strong"", ""structure"": ""ok"", ""resistance"": ""ok"", ""extension"": null, ""sector"": ""ok""}"	ok	ok	ok	1.15	16.3	16.48	13.53	0.35	False	NONE	BEARISH	BEARISH	5	16.67	null	null	null	null	null	False	"[{""type"": ""resistance"", ""price"": 17.06, ""date"": ""2026-06-26"", ""atr_dist"": 1.12, ""vol_ratio"": 1.66, ""vol_validated"": true}, {""type"": ""resistance"", ""price"": 17.28, ""date"": ""2026-08-06"", ""atr_dist"": 1.75, ""vol_ratio"": 2.49, ""vol_validated"": true}, {""type"": ""fib_1272"", ""price"": 17.63, ""atr_dist"": 2.75}, {""type"": ""fib_1618"", ""price"": 18.08, ""atr_dist"": 4.04}, {""type"": ""fib_2000"", ""price"": 18.57, ""atr_dist"": 5.44}, {""type"": ""fib_2618"", ""price"": 19.37, ""atr_dist"": 7.74}]"	NONE	False	False	10.6	51.7	ACCELERATION	16.32	no valid bracket — no structural support passes the 3 gates (atr≥1.0, rr≥2.0, risk%≤regime ceiling)
YUM	78.9	60.0	38.9	RANGE	BUILDING	ACCELERATING	1.49	"{""leadership"": ""warn"", ""coil"": ""strong"", ""insti_money"": ""strong"", ""structure"": ""ok"", ""resistance"": ""warn"", ""extension"": null, ""sector"": ""strong""}"	strong	ok	warn	-0.16	149.64	153.23	154.63	4.51	False	NONE	BEARISH	BULLISH	0	152.99	null	null	null	null	null	False	"[{""type"": ""resistance"", ""price"": 154.78, ""date"": ""2026-08-13"", ""atr_dist"": 0.4, ""vol_ratio"": 1.06, ""vol_validated"": false}, {""type"": ""resistance"", ""price"": 160.24, ""date"": ""2026-06-16"", ""atr_dist"": 1.61, ""vol_ratio"": 1.23, ""vol_validated"": true}, {""type"": ""resistance"", ""price"": 163.54, ""date"": ""2026-04-29"", ""atr_dist"": 2.34, ""vol_ratio"": 2.03, ""vol_validated"": true}, {""type"": ""resistance"", ""price"": 166.16, ""date"": ""2026-07-30"", ""atr_dist"": 2.92, ""vol_ratio"": 1.18, ""vol_validated"": false}, {""type"": ""prior_high"", ""price"": 170.14, ""atr_dist"": 3.8}, {""type"": ""fib_1272"", ""price"": 175.75, ""atr_dist"": 5.04}, {""type"": ""fib_1618"", ""price"": 182.89, ""atr_dist"": 6.63}, {""type"": ""fib_2000"", ""price"": 190.77, ""atr_dist"": 8.37}, {""type"": ""fib_2618"", ""price"": 203.52, ""atr_dist"": 11.2}]"	NONE	True	False	15.0	45.6	INTERRUPTED	148.48	no valid bracket — no structural support passes the 3 gates (atr≥1.0, rr≥2.0, risk%≤regime ceiling)
SLDE	60.5	73.1	82.1	RANGE	BUILDING	ACCELERATING	0.93	"{""leadership"": ""strong"", ""coil"": ""ok"", ""insti_money"": ""ok"", ""structure"": ""ok"", ""resistance"": ""strong"", ""extension"": null, ""sector"": ""warn""}"	ok	ok	strong	13.02	21.32	20.12	18.32	0.75	False	NONE	BULLISH	NONE	0	22.74	null	null	null	null	null	False	"[{""type"": ""resistance"", ""price"": 23.0, ""date"": ""2026-07-29"", ""atr_dist"": 0.35, ""vol_ratio"": 2.24, ""vol_validated"": true}, {""type"": ""fib_1272"", ""price"": 24.12, ""atr_dist"": 1.84}, {""type"": ""fib_1618"", ""price"": 25.34, ""atr_dist"": 3.47}, {""type"": ""fib_2000"", ""price"": 26.68, ""atr_dist"": 5.25}, {""type"": ""fib_2618"", ""price"": 28.86, ""atr_dist"": 8.16}]"	NONE	False	False	16.4	44.9	SUSTAINED	21.99	no valid bracket — no structural support passes the 3 gates (atr≥1.0, rr≥2.0, risk%≤regime ceiling)
CNQ	68.4	70.6	76.8	ABOVE_STRUCTURE	FADING	DECELERATING	0.61	"{""leadership"": ""strong"", ""coil"": ""ok"", ""insti_money"": ""strong"", ""structure"": ""ok"", ""resistance"": ""strong"", ""extension"": null, ""sector"": ""strong""}"	ok	ok	strong	15.92	47.37	44.34	41.62	1.16	False	NONE	BULLISH	NONE	0	51.4	null	null	null	null	null	False	"[{""type"": ""prior_high"", ""price"": 51.48, ""atr_dist"": 0.07}, {""type"": ""fib_1272"", ""price"": 53.32, ""atr_dist"": 1.66}, {""type"": ""fib_1618"", ""price"": 55.66, ""atr_dist"": 3.69}, {""type"": ""fib_2000"", ""price"": 58.24, ""atr_dist"": 5.92}, {""type"": ""fib_2618"", ""price"": 62.42, ""atr_dist"": 9.53}]"	NONE	False	False	15.3	42.8	SUSTAINED	50.24	no valid bracket — no structural support passes the 3 gates (atr≥1.0, rr≥2.0, risk%≤regime ceiling)
NCNO	51.3	77.3	71.6	ABOVE_STRUCTURE	STRONG	ACCELERATING	1.02	"{""leadership"": ""warn"", ""coil"": ""ok"", ""insti_money"": ""ok"", ""structure"": ""ok"", ""resistance"": ""strong"", ""extension"": null, ""sector"": ""strong""}"	ok	ok	strong	17.12	19.43	17.61	19.28	0.82	False	NONE	BULLISH	BEARISH	2	20.62	null	null	null	null	null	False	"[{""type"": ""prior_high"", ""price"": 21.22, ""atr_dist"": 0.73}, {""type"": ""fib_1272"", ""price"": 22.6, ""atr_dist"": 2.41}, {""type"": ""fib_1618"", ""price"": 24.37, ""atr_dist"": 4.57}, {""type"": ""fib_2000"", ""price"": 26.31, ""atr_dist"": 6.93}, {""type"": ""fib_2618"", ""price"": 29.46, ""atr_dist"": 10.77}]"	NONE	False	False	22.3	25.2	null	19.8	no valid bracket — no structural support passes the 3 gates (atr≥1.0, rr≥2.0, risk%≤regime ceiling)
SHEL	35.5	76.5	68.4	BULLISH_BOS	FADING	FLAT	0.55	"{""leadership"": ""strong"", ""coil"": ""strong"", ""insti_money"": ""ok"", ""structure"": ""strong"", ""resistance"": ""strong"", ""extension"": null, ""sector"": ""strong""}"	strong	strong	strong	9.32	90.22	85.37	82.28	1.51	False	NONE	BULLISH	NONE	0	93.33	null	null	null	null	null	False	"[{""type"": ""resistance"", ""price"": 94.9, ""date"": ""2026-03-31"", ""atr_dist"": 1.04, ""vol_ratio"": 1.43, ""vol_validated"": true}, {""type"": ""fib_1272"", ""price"": 96.69, ""atr_dist"": 2.22}, {""type"": ""fib_1618"", ""price"": 98.96, ""atr_dist"": 3.72}, {""type"": ""fib_2000"", ""price"": 101.47, ""atr_dist"": 5.37}, {""type"": ""fib_2618"", ""price"": 105.53, ""atr_dist"": 8.05}]"	NONE	False	False	9.8	46.9	null	91.81	no valid bracket — no structural support passes the 3 gates (atr≥1.0, rr≥2.0, risk%≤regime ceiling)
COLD	48.7	70.6	57.9	RANGE	BUILDING	ACCELERATING	0.59	"{""leadership"": ""warn"", ""coil"": ""strong"", ""insti_money"": ""strong"", ""structure"": ""ok"", ""resistance"": ""warn"", ""extension"": null, ""sector"": ""ok""}"	strong	ok	warn	1.75	14.63	14.99	13.19	0.51	False	NONE	BEARISH	NONE	0	15.25	null	null	null	null	null	False	"[{""type"": ""resistance"", ""price"": 15.53, ""date"": ""2026-08-06"", ""atr_dist"": 0.55, ""vol_ratio"": 1.81, ""vol_validated"": true}, {""type"": ""resistance"", ""price"": 16.02, ""date"": ""2026-05-29"", ""atr_dist"": 1.52, ""vol_ratio"": 1.89, ""vol_validated"": true}, {""type"": ""resistance"", ""price"": 16.88, ""date"": ""2026-07-07"", ""atr_dist"": 3.22, ""vol_ratio"": 1.15, ""vol_validated"": false}, {""type"": ""fib_1272"", ""price"": 17.69, ""atr_dist"": 4.82}, {""type"": ""fib_1618"", ""price"": 18.72, ""atr_dist"": 6.86}, {""type"": ""fib_2000"", ""price"": 19.86, ""atr_dist"": 9.11}, {""type"": ""fib_2618"", ""price"": 21.7, ""atr_dist"": 12.75}]"	NONE	True	False	11.5	58.5	ACCELERATION	14.74	no valid bracket — no structural support passes the 3 gates (atr≥1.0, rr≥2.0, risk%≤regime ceiling)
TRU	59.2	81.5	74.7	RANGE	BUILDING	ACCELERATING	0.76	"{""leadership"": ""warn"", ""coil"": ""strong"", ""insti_money"": ""ok"", ""structure"": ""ok"", ""resistance"": ""strong"", ""extension"": null, ""sector"": ""warn""}"	strong	ok	strong	11.24	80.83	76.06	76.42	2.96	False	NONE	BULLISH	NONE	0	84.61	null	null	null	null	null	False	"[{""type"": ""resistance"", ""price"": 86.49, ""date"": ""2026-07-28"", ""atr_dist"": 0.64, ""vol_ratio"": 2.4, ""vol_validated"": true}, {""type"": ""fib_1272"", ""price"": 90.22, ""atr_dist"": 1.9}, {""type"": ""fib_1618"", ""price"": 94.96, ""atr_dist"": 3.5}, {""type"": ""fib_2000"", ""price"": 100.19, ""atr_dist"": 5.27}, {""type"": ""fib_2618"", ""price"": 108.66, ""atr_dist"": 8.14}]"	NONE	True	False	13.9	69.0	ACCELERATION	81.66	no valid bracket — no structural support passes the 3 gates (atr≥1.0, rr≥2.0, risk%≤regime ceiling)
CELH	73.7	63.0	66.3	null	STRONG	ACCELERATING	0.57	"{""leadership"": ""warn"", ""coil"": ""warn"", ""insti_money"": ""strong"", ""structure"": ""--"", ""resistance"": ""strong"", ""extension"": null, ""sector"": ""strong""}"	warn	--	strong	13.14	29.15	29.48	38.43	1.77	False	NONE	BULLISH	BULLISH	0	33.36	null	null	null	null	null	False	"[{""type"": ""resistance"", ""price"": 33.49, ""date"": ""2026-05-29"", ""atr_dist"": 0.07, ""vol_ratio"": 0.9, ""vol_validated"": false}, {""type"": ""resistance"", ""price"": 35.75, ""date"": ""2026-05-07"", ""atr_dist"": 1.35, ""vol_ratio"": 3.01, ""vol_validated"": true}, {""type"": ""resistance"", ""price"": 37.4, ""date"": ""2026-04-08"", ""atr_dist"": 2.28, ""vol_ratio"": 1.13, ""vol_validated"": false}, {""type"": ""resistance"", ""price"": 46.28, ""date"": ""2026-03-16"", ""atr_dist"": 7.29, ""vol_ratio"": 0.59, ""vol_validated"": false}]"	NONE	False	False	34.8	54.6	SUSTAINED	31.59	no valid bracket — no structural support passes the 3 gates (atr≥1.0, rr≥2.0, risk%≤regime ceiling)
AFRM	31.6	74.8	60.0	BEARISH_CHOCH	BUILDING	ACCELERATING	0.82	"{""leadership"": ""warn"", ""coil"": ""strong"", ""insti_money"": ""warn"", ""structure"": ""warn"", ""resistance"": ""warn"", ""extension"": null, ""sector"": ""strong""}"	strong	warn	warn	0.69	75.21	76.5	66.38	3.63	False	NONE	BEARISH	NONE	0	77.03	null	null	null	null	null	False	"[{""type"": ""resistance"", ""price"": 80.65, ""date"": ""2026-08-14"", ""atr_dist"": 1.0, ""vol_ratio"": 0.64, ""vol_validated"": false}, {""type"": ""resistance"", ""price"": 86.77, ""date"": ""2026-07-07"", ""atr_dist"": 2.68, ""vol_ratio"": 0.9, ""vol_validated"": false}, {""type"": ""fib_1272"", ""price"": 88.83, ""atr_dist"": 3.25}, {""type"": ""fib_1618"", ""price"": 91.42, ""atr_dist"": 3.96}, {""type"": ""fib_2000"", ""price"": 94.27, ""atr_dist"": 4.74}, {""type"": ""fib_2618"", ""price"": 98.89, ""atr_dist"": 6.02}]"	NONE	True	False	15.1	63.9	INTERRUPTED	73.4	no valid bracket — no structural support passes the 3 gates (atr≥1.0, rr≥2.0, risk%≤regime ceiling)
NU	40.8	72.3	51.4	RANGE	BUILDING	DECELERATING	0.98	"{""leadership"": ""strong"", ""coil"": ""strong"", ""insti_money"": ""warn"", ""structure"": ""ok"", ""resistance"": ""warn"", ""extension"": null, ""sector"": ""warn""}"	strong	ok	warn	6.18	14.3	13.73	15.02	0.63	False	NONE	BULLISH	BEARISH	1	14.58	null	null	null	null	null	False	"[{""type"": ""resistance"", ""price"": 14.85, ""date"": ""2026-07-28"", ""atr_dist"": 0.43, ""vol_ratio"": 0.55, ""vol_validated"": false}, {""type"": ""resistance"", ""price"": 15.81, ""date"": ""2026-04-17"", ""atr_dist"": 1.96, ""vol_ratio"": 0.91, ""vol_validated"": false}, {""type"": ""resistance"", ""price"": 16.22, ""date"": ""2026-08-14"", ""atr_dist"": 2.62, ""vol_ratio"": 1.98, ""vol_validated"": true}, {""type"": ""fib_1272"", ""price"": 17.0, ""atr_dist"": 3.87}, {""type"": ""fib_1618"", ""price"": 17.98, ""atr_dist"": 5.43}, {""type"": ""fib_2000"", ""price"": 19.07, ""atr_dist"": 7.17}, {""type"": ""fib_2618"", ""price"": 20.83, ""atr_dist"": 9.98}]"	NONE	True	False	19.3	44.6	CORRECTION_REENTRY	13.95	no valid bracket — no structural support passes the 3 gates (atr≥1.0, rr≥2.0, risk%≤regime ceiling)
TEVA	35.5	64.7	94.7	ABOVE_STRUCTURE	STRONG	null	0.71	"{""leadership"": ""--"", ""coil"": ""--"", ""insti_money"": ""--"", ""structure"": ""ok"", ""resistance"": ""--"", ""extension"": null, ""sector"": ""strong""}"	--	ok	--	10.21	35.45	33.88	31.95	1.03	False	null	null	null	null	37.34	null	null	null	null	null	False	"[{""type"": ""prior_high"", ""price"": 37.83, ""atr_dist"": 0.48}, {""type"": ""fib_1272"", ""price"": 40.07, ""atr_dist"": 2.66}, {""type"": ""fib_1618"", ""price"": 42.92, ""atr_dist"": 5.43}, {""type"": ""fib_2000"", ""price"": 46.06, ""atr_dist"": 8.48}, {""type"": ""fib_2618"", ""price"": 51.15, ""atr_dist"": 13.43}]"	null	null	null	20.1	24.8	null	36.31	no valid bracket — no structural support passes the 3 gates (atr≥1.0, rr≥2.0, risk%≤regime ceiling)
GOLD	68.4	59.7	94.7	ABOVE_STRUCTURE	BUILDING	null	1.44	"{""leadership"": ""--"", ""coil"": ""--"", ""insti_money"": ""--"", ""structure"": ""ok"", ""resistance"": ""--"", ""extension"": null, ""sector"": ""ok""}"	--	ok	--	9.96	43.16	42.03	41.87	1.95	False	null	null	null	null	46.21	null	null	null	null	null	False	"[{""type"": ""resistance"", ""price"": 47.9, ""date"": ""2026-04-08"", ""atr_dist"": 0.87, ""vol_ratio"": 1.38, ""vol_validated"": true}, {""type"": ""resistance"", ""price"": 49.83, ""date"": ""2026-04-17"", ""atr_dist"": 1.86, ""vol_ratio"": 1.06, ""vol_validated"": false}, {""type"": ""prior_high"", ""price"": 58.43, ""atr_dist"": 6.27}, {""type"": ""fib_1272"", ""price"": 60.12, ""atr_dist"": 7.13}, {""type"": ""fib_1618"", ""price"": 62.26, ""atr_dist"": 8.23}, {""type"": ""fib_2000"", ""price"": 64.63, ""atr_dist"": 9.45}, {""type"": ""fib_2618"", ""price"": 68.46, ""atr_dist"": 11.41}]"	null	null	null	17.6	65.0	CORRECTION_REENTRY	44.26	no valid bracket — no structural support passes the 3 gates (atr≥1.0, rr≥2.0, risk%≤regime ceiling)
CCC	72.4	69.7	72.6	ABOVE_STRUCTURE	STRONG	ACCELERATING	0.55	"{""leadership"": ""warn"", ""coil"": ""ok"", ""insti_money"": ""warn"", ""structure"": ""ok"", ""resistance"": ""ok"", ""extension"": null, ""sector"": ""strong""}"	ok	ok	ok	27.24	6.69	5.86	6.21	0.36	False	NONE	BULLISH	NONE	0	7.46	null	null	null	null	null	False	"[{""type"": ""prior_high"", ""price"": 7.68, ""atr_dist"": 0.6}, {""type"": ""fib_1272"", ""price"": 8.3, ""atr_dist"": 2.31}, {""type"": ""fib_1618"", ""price"": 9.09, ""atr_dist"": 4.48}, {""type"": ""fib_2000"", ""price"": 9.96, ""atr_dist"": 6.87}, {""type"": ""fib_2618"", ""price"": 11.37, ""atr_dist"": 10.74}]"	NONE	False	False	34.9	42.1	null	7.1	no valid bracket — no structural support passes the 3 gates (atr≥1.0, rr≥2.0, risk%≤regime ceiling)
NTR	67.1	62.2	76.8	ABOVE_STRUCTURE	BUILDING	ACCELERATING	1.12	"{""leadership"": ""strong"", ""coil"": ""warn"", ""insti_money"": ""ok"", ""structure"": ""ok"", ""resistance"": ""strong"", ""extension"": null, ""sector"": ""strong""}"	warn	ok	strong	13.14	68.56	66.53	67.84	1.87	False	NONE	BULLISH	NONE	0	75.27	72.25	swing_low	1.61	4.01	3.34	True	"[{""type"": ""resistance"", ""price"": 77.74, ""tp"": ""TP1"", ""r"": 0.82, ""atr_dist"": 1.32, ""date"": ""2026-05-05"", ""vol_ratio"": 1.17, ""vol_validated"": false}, {""type"": ""resistance"", ""price"": 85.36, ""tp"": ""TP2"", ""r"": 3.34, ""atr_dist"": 5.39, ""date"": ""2026-03-13"", ""vol_ratio"": 1.32, ""vol_validated"": true}, {""type"": ""fib_1272"", ""price"": 88.93, ""tp"": ""TP3"", ""r"": 4.52, ""atr_dist"": 7.29}, {""type"": ""fib_1618"", ""price"": 93.46, ""tp"": null, ""r"": 6.02, ""atr_dist"": 9.71}, {""type"": ""fib_2000"", ""price"": 98.47, ""tp"": null, ""r"": 7.68, ""atr_dist"": 12.39}, {""type"": ""fib_2618"", ""price"": 106.57, ""tp"": null, ""r"": 10.36, ""atr_dist"": 16.71}]"	NONE	False	False	16.8	62.6	SUSTAINED	73.4	null
PLD	52.6	53.0	27.4	RANGE	BUILDING	ACCELERATING	0.65	"{""leadership"": ""warn"", ""coil"": ""strong"", ""insti_money"": ""ok"", ""structure"": ""ok"", ""resistance"": ""warn"", ""extension"": null, ""sector"": ""ok""}"	strong	ok	warn	-0.73	141.98	142.85	136.52	2.54	False	NONE	BEARISH	NONE	0	141.8	null	null	null	null	null	False	"[{""type"": ""resistance"", ""price"": 142.37, ""date"": ""2026-08-13"", ""atr_dist"": 0.22, ""vol_ratio"": 0.56, ""vol_validated"": false}, {""type"": ""resistance"", ""price"": 143.86, ""date"": ""2026-07-07"", ""atr_dist"": 0.81, ""vol_ratio"": 0.85, ""vol_validated"": false}, {""type"": ""resistance"", ""price"": 145.34, ""date"": ""2026-05-11"", ""atr_dist"": 1.4, ""vol_ratio"": 0.76, ""vol_validated"": false}, {""type"": ""resistance"", ""price"": 147.93, ""date"": ""2026-05-26"", ""atr_dist"": 2.42, ""vol_ratio"": 0.83, ""vol_validated"": false}, {""type"": ""prior_high"", ""price"": 153.35, ""atr_dist"": 4.56}, {""type"": ""fib_1272"", ""price"": 158.31, ""atr_dist"": 6.51}, {""type"": ""fib_1618"", ""price"": 164.63, ""atr_dist"": 9.01}, {""type"": ""fib_2000"", ""price"": 171.6, ""atr_dist"": 11.76}, {""type"": ""fib_2618"", ""price"": 182.88, ""atr_dist"": 16.21}]"	NONE	False	False	8.3	22.9	INTERRUPTED	139.27	no valid bracket — no structural support passes the 3 gates (atr≥1.0, rr≥2.0, risk%≤regime ceiling)
CWK	72.4	62.2	80.0	ABOVE_STRUCTURE	BUILDING	ACCELERATING	0.73	"{""leadership"": ""warn"", ""coil"": ""warn"", ""insti_money"": ""ok"", ""structure"": ""ok"", ""resistance"": ""warn"", ""extension"": null, ""sector"": ""ok""}"	warn	ok	warn	9.21	13.97	13.57	14.23	0.6	False	NONE	BULLISH	BEARISH	4	14.82	null	null	null	null	null	False	"[{""type"": ""resistance"", ""price"": 14.86, ""date"": ""2026-05-06"", ""atr_dist"": 0.07, ""vol_ratio"": 0.82, ""vol_validated"": false}, {""type"": ""resistance"", ""price"": 15.19, ""date"": ""2026-04-21"", ""atr_dist"": 0.62, ""vol_ratio"": 0.65, ""vol_validated"": false}, {""type"": ""prior_high"", ""price"": 15.66, ""atr_dist"": 1.41}, {""type"": ""fib_1272"", ""price"": 16.61, ""atr_dist"": 3.0}, {""type"": ""fib_1618"", ""price"": 17.82, ""atr_dist"": 5.03}, {""type"": ""fib_2000"", ""price"": 19.16, ""atr_dist"": 7.28}, {""type"": ""fib_2618"", ""price"": 21.32, ""atr_dist"": 10.91}]"	NONE	False	False	19.8	59.4	null	14.22	no valid bracket — no structural support passes the 3 gates (atr≥1.0, rr≥2.0, risk%≤regime ceiling)
MSTR	100.0	58.8	41.5	ABOVE_STRUCTURE	BUILDING	ACCELERATING	2.41	"{""leadership"": ""warn"", ""coil"": ""ok"", ""insti_money"": ""strong"", ""structure"": ""ok"", ""resistance"": ""warn"", ""extension"": null, ""sector"": ""strong""}"	ok	ok	warn	19.51	98.57	99.78	143.95	6.78	False	NONE	BULLISH	BEARISH	1	119.25	null	null	null	null	null	False	"[{""type"": ""resistance"", ""price"": 136.25, ""date"": ""2026-06-15"", ""atr_dist"": 2.51, ""vol_ratio"": 1.07, ""vol_validated"": false}, {""type"": ""resistance"", ""price"": 152.27, ""date"": ""2026-03-17"", ""atr_dist"": 4.87, ""vol_ratio"": 0.93, ""vol_validated"": false}, {""type"": ""resistance"", ""price"": 183.25, ""date"": ""2026-04-22"", ""atr_dist"": 9.44, ""vol_ratio"": 1.61, ""vol_validated"": true}, {""type"": ""resistance"", ""price"": 197.0, ""date"": ""2026-05-11"", ""atr_dist"": 11.47, ""vol_ratio"": 0.83, ""vol_validated"": false}, {""type"": ""fib_1272"", ""price"": 208.12, ""atr_dist"": 13.11}, {""type"": ""fib_1618"", ""price"": 222.27, ""atr_dist"": 15.2}, {""type"": ""fib_2000"", ""price"": 237.89, ""atr_dist"": 17.5}, {""type"": ""fib_2618"", ""price"": 263.16, ""atr_dist"": 21.23}]"	NONE	False	False	31.0	88.7	ACCELERATION	112.47	no valid bracket — no structural support passes the 3 gates (atr≥1.0, rr≥2.0, risk%≤regime ceiling)
BHP	61.8	60.5	83.2	ABOVE_STRUCTURE	BUILDING	ACCELERATING	1.43	"{""leadership"": ""strong"", ""coil"": ""warn"", ""insti_money"": ""ok"", ""structure"": ""ok"", ""resistance"": ""strong"", ""extension"": null, ""sector"": ""strong""}"	warn	ok	strong	13.34	88.25	85.61	74.55	2.57	False	NONE	BULLISH	NONE	0	97.03	null	null	null	null	null	False	"[{""type"": ""prior_high"", ""price"": 97.27, ""atr_dist"": 0.09}, {""type"": ""fib_1272"", ""price"": 100.2, ""atr_dist"": 1.23}, {""type"": ""fib_1618"", ""price"": 103.94, ""atr_dist"": 2.69}, {""type"": ""fib_2000"", ""price"": 108.06, ""atr_dist"": 4.29}, {""type"": ""fib_2618"", ""price"": 114.73, ""atr_dist"": 6.89}]"	NONE	False	False	17.7	59.9	ACCELERATION	94.46	no valid bracket — no structural support passes the 3 gates (atr≥1.0, rr≥2.0, risk%≤regime ceiling)
U	68.4	65.5	61.1	ABOVE_STRUCTURE	FADING	DECELERATING	0.58	"{""leadership"": ""strong"", ""coil"": ""warn"", ""insti_money"": ""ok"", ""structure"": ""ok"", ""resistance"": ""warn"", ""extension"": null, ""sector"": ""strong""}"	warn	ok	warn	40.42	40.18	33.42	31.88	1.97	False	NONE	BULLISH	NONE	0	46.93	null	null	null	null	null	False	"[{""type"": ""prior_high"", ""price"": 48.46, ""atr_dist"": 0.78}, {""type"": ""fib_1272"", ""price"": 54.07, ""atr_dist"": 3.62}, {""type"": ""fib_1618"", ""price"": 61.21, ""atr_dist"": 7.25}, {""type"": ""fib_2000"", ""price"": 69.09, ""atr_dist"": 11.25}, {""type"": ""fib_2618"", ""price"": 81.84, ""atr_dist"": 17.72}]"	NONE	False	False	49.5	14.9	null	44.96	no valid bracket — no structural support passes the 3 gates (atr≥1.0, rr≥2.0, risk%≤regime ceiling)
BP	68.4	73.1	63.2	RANGE	BUILDING	DECELERATING	1.07	"{""leadership"": ""strong"", ""coil"": ""strong"", ""insti_money"": ""warn"", ""structure"": ""ok"", ""resistance"": ""strong"", ""extension"": null, ""sector"": ""strong""}"	strong	ok	strong	8.37	43.14	41.3	40.44	1.01	False	NONE	BEARISH	MIXED	2	44.76	null	null	null	null	null	False	"[{""type"": ""resistance"", ""price"": 45.22, ""date"": ""2026-07-31"", ""atr_dist"": 0.46, ""vol_ratio"": 1.6, ""vol_validated"": true}, {""type"": ""resistance"", ""price"": 46.25, ""date"": ""2026-05-20"", ""atr_dist"": 1.48, ""vol_ratio"": 0.97, ""vol_validated"": false}, {""type"": ""resistance"", ""price"": 46.79, ""date"": ""2026-03-19"", ""atr_dist"": 2.02, ""vol_ratio"": 2.55, ""vol_validated"": true}, {""type"": ""resistance"", ""price"": 47.66, ""date"": ""2026-04-30"", ""atr_dist"": 2.88, ""vol_ratio"": 0.94, ""vol_validated"": false}, {""type"": ""prior_high"", ""price"": 48.27, ""atr_dist"": 3.49}, {""type"": ""fib_1272"", ""price"": 50.97, ""atr_dist"": 6.17}, {""type"": ""fib_1618"", ""price"": 54.4, ""atr_dist"": 9.57}, {""type"": ""fib_2000"", ""price"": 58.19, ""atr_dist"": 13.34}, {""type"": ""fib_2618"", ""price"": 64.32, ""atr_dist"": 19.42}]"	NONE	False	False	9.9	73.4	ACCELERATION	43.75	no valid bracket — no structural support passes the 3 gates (atr≥1.0, rr≥2.0, risk%≤regime ceiling)
JNJ	67.1	74.8	71.6	RANGE	FADING	FLAT	0.88	"{""leadership"": ""strong"", ""coil"": ""strong"", ""insti_money"": ""ok"", ""structure"": ""ok"", ""resistance"": ""strong"", ""extension"": null, ""sector"": ""strong""}"	strong	ok	strong	6.05	262.15	254.83	231.81	5.86	False	NONE	BULLISH	NONE	0	270.24	null	null	null	null	null	False	"[{""type"": ""resistance"", ""price"": 274.9, ""date"": ""2026-07-28"", ""atr_dist"": 0.79, ""vol_ratio"": 1.28, ""vol_validated"": true}, {""type"": ""fib_1272"", ""price"": 283.55, ""atr_dist"": 2.27}, {""type"": ""fib_1618"", ""price"": 292.56, ""atr_dist"": 3.81}, {""type"": ""fib_2000"", ""price"": 302.5, ""atr_dist"": 5.5}, {""type"": ""fib_2618"", ""price"": 318.59, ""atr_dist"": 8.25}]"	NONE	False	False	9.9	69.9	CORRECTION_REENTRY	264.38	no valid bracket — no structural support passes the 3 gates (atr≥1.0, rr≥2.0, risk%≤regime ceiling)
AU	94.7	61.3	86.7	ABOVE_STRUCTURE	STRONG	ACCELERATING	2.22	"{""leadership"": ""strong"", ""coil"": ""warn"", ""insti_money"": ""ok"", ""structure"": ""ok"", ""resistance"": ""ok"", ""extension"": null, ""sector"": ""strong""}"	warn	ok	ok	39.94	93.05	86.62	93.22	4.95	False	NONE	BULLISH	BULLISH	0	121.22	null	null	null	null	null	False	"[{""type"": ""prior_high"", ""price"": 121.86, ""atr_dist"": 0.13}, {""type"": ""fib_1272"", ""price"": 135.04, ""atr_dist"": 2.79}, {""type"": ""fib_1618"", ""price"": 151.81, ""atr_dist"": 6.18}, {""type"": ""fib_2000"", ""price"": 170.32, ""atr_dist"": 9.91}, {""type"": ""fib_2618"", ""price"": 200.27, ""atr_dist"": 15.96}]"	NONE	False	False	49.6	46.2	null	116.27	no valid bracket — no structural support passes the 3 gates (atr≥1.0, rr≥2.0, risk%≤regime ceiling)
WPM	96.1	61.3	84.2	ABOVE_STRUCTURE	STRONG	DECELERATING	1.51	"{""leadership"": ""ok"", ""coil"": ""warn"", ""insti_money"": ""ok"", ""structure"": ""ok"", ""resistance"": ""ok"", ""extension"": null, ""sector"": ""strong""}"	warn	ok	ok	32.62	127.83	118.97	126.7	5.64	False	NONE	BULLISH	NONE	0	157.78	null	null	null	null	null	False	"[{""type"": ""prior_high"", ""price"": 158.28, ""atr_dist"": 0.09}, {""type"": ""fib_1272"", ""price"": 172.42, ""atr_dist"": 2.6}, {""type"": ""fib_1618"", ""price"": 190.4, ""atr_dist"": 5.78}, {""type"": ""fib_2000"", ""price"": 210.26, ""atr_dist"": 9.3}, {""type"": ""fib_2618"", ""price"": 242.38, ""atr_dist"": 15.0}]"	NONE	False	False	39.3	46.5	null	152.14	no valid bracket — no structural support passes the 3 gates (atr≥1.0, rr≥2.0, risk%≤regime ceiling)
SCHW	73.7	72.3	81.1	ABOVE_STRUCTURE	FADING	ACCELERATING	1.02	"{""leadership"": ""strong"", ""coil"": ""ok"", ""insti_money"": ""ok"", ""structure"": ""ok"", ""resistance"": ""ok"", ""extension"": null, ""sector"": ""warn""}"	ok	ok	ok	10.73	108.05	101.42	96.67	2.03	False	NONE	BULLISH	NONE	0	112.3	null	null	null	null	null	False	"[{""type"": ""prior_high"", ""price"": 112.4, ""atr_dist"": 0.05}, {""type"": ""fib_1272"", ""price"": 115.93, ""atr_dist"": 1.79}, {""type"": ""fib_1618"", ""price"": 120.42, ""atr_dist"": 4.0}, {""type"": ""fib_2000"", ""price"": 125.38, ""atr_dist"": 6.44}, {""type"": ""fib_2618"", ""price"": 133.4, ""atr_dist"": 10.38}]"	NONE	False	False	9.3	27.5	INTERRUPTED	110.27	no valid bracket — no structural support passes the 3 gates (atr≥1.0, rr≥2.0, risk%≤regime ceiling)
NVS	57.9	76.5	58.9	BULLISH_BOS	BUILDING	ACCELERATING	0.75	"{""leadership"": ""strong"", ""coil"": ""strong"", ""insti_money"": ""strong"", ""structure"": ""strong"", ""resistance"": ""strong"", ""extension"": null, ""sector"": ""strong""}"	strong	strong	strong	2.94	155.48	154.33	148.25	3.16	False	NONE	BULLISH	NONE	0	158.86	155.48	ma20	1.07	2.13	2.02	True	"[{""type"": ""resistance"", ""price"": 160.34, ""tp"": ""TP1"", ""r"": 0.44, ""atr_dist"": 0.47, ""date"": ""2026-07-28"", ""vol_ratio"": 0.94, ""vol_validated"": false}, {""type"": ""prior_high"", ""price"": 165.69, ""tp"": ""TP2"", ""r"": 2.02, ""atr_dist"": 2.16}, {""type"": ""fib_1618"", ""price"": 168.95, ""tp"": ""TP3"", ""r"": 2.99, ""atr_dist"": 3.19}, {""type"": ""fib_2000"", ""price"": 170.96, ""tp"": null, ""r"": 3.58, ""atr_dist"": 3.83}, {""type"": ""fib_2618"", ""price"": 174.22, ""tp"": null, ""r"": 4.54, ""atr_dist"": 4.86}]"	NONE	False	False	7.6	84.7	ACCELERATION	155.7	null
BETA	73.7	69.7	58.3	ABOVE_STRUCTURE	FADING	DECELERATING	0.84	"{""leadership"": ""--"", ""coil"": ""warn"", ""insti_money"": ""ok"", ""structure"": ""ok"", ""resistance"": ""warn"", ""extension"": null, ""sector"": ""warn""}"	warn	ok	warn	27.66	22.59	19.38	21.18	1.69	False	NONE	BULLISH	NONE	0	24.74	22.59	ma20	1.27	8.69	2.1	True	"[{""type"": ""prior_high"", ""price"": 27.42, ""tp"": ""TP1"", ""r"": 1.25, ""atr_dist"": 1.59}, {""type"": ""fib_1272"", ""price"": 29.26, ""tp"": ""TP2"", ""r"": 2.1, ""atr_dist"": 2.68}, {""type"": ""fib_1618"", ""price"": 31.6, ""tp"": ""TP3"", ""r"": 3.19, ""atr_dist"": 4.06}, {""type"": ""fib_2000"", ""price"": 34.19, ""tp"": null, ""r"": 4.4, ""atr_dist"": 5.6}, {""type"": ""fib_2618"", ""price"": 38.37, ""tp"": null, ""r"": 6.34, ""atr_dist"": 8.07}]"	NONE	False	False	50.1	24.0	null	23.05	null
DINO	73.7	72.3	70.9	ABOVE_STRUCTURE	BUILDING	FLAT	1.0	"{""leadership"": ""strong"", ""coil"": ""ok"", ""insti_money"": ""strong"", ""structure"": ""ok"", ""resistance"": ""strong"", ""extension"": null, ""sector"": ""strong""}"	ok	ok	strong	19.29	89.89	81.58	63.34	3.52	False	NONE	BULLISH	NONE	0	97.32	null	null	null	null	null	False	"[{""type"": ""prior_high"", ""price"": 97.63, ""atr_dist"": 0.09}, {""type"": ""fib_1272"", ""price"": 102.29, ""atr_dist"": 1.41}, {""type"": ""fib_1618"", ""price"": 108.22, ""atr_dist"": 3.1}, {""type"": ""fib_2000"", ""price"": 114.76, ""atr_dist"": 4.95}, {""type"": ""fib_2618"", ""price"": 125.35, ""atr_dist"": 7.96}]"	NONE	False	False	19.2	29.9	CORRECTION_REENTRY	93.8	no valid bracket — no structural support passes the 3 gates (atr≥1.0, rr≥2.0, risk%≤regime ceiling)
CPB	67.1	83.2	68.4	null	BUILDING	ACCELERATING	0.94	"{""leadership"": ""warn"", ""coil"": ""strong"", ""insti_money"": ""strong"", ""structure"": ""--"", ""resistance"": ""ok"", ""extension"": null, ""sector"": ""strong""}"	strong	--	ok	6.76	22.86	22.43	24.48	0.72	False	NONE	BULLISH	NONE	0	23.95	null	null	null	null	null	False	[]	BREAKOUT_UP	True	False	11.0	61.8	ACCELERATION	23.22	no valid bracket — no structural resistance above price
DIS	46.1	63.9	77.9	ABOVE_STRUCTURE	STRONG	null	0.63	"{""leadership"": ""--"", ""coil"": ""--"", ""insti_money"": ""--"", ""structure"": ""ok"", ""resistance"": ""--"", ""extension"": null, ""sector"": ""strong""}"	--	ok	--	7.93	102.25	99.86	104.09	2.27	False	null	null	null	null	107.78	null	null	null	null	null	False	"[{""type"": ""resistance"", ""price"": 110.48, ""date"": ""2026-05-07"", ""atr_dist"": 1.19, ""vol_ratio"": 1.63, ""vol_validated"": true}, {""type"": ""fib_1272"", ""price"": 113.31, ""atr_dist"": 2.44}, {""type"": ""fib_1618"", ""price"": 116.92, ""atr_dist"": 4.04}, {""type"": ""fib_2000"", ""price"": 120.9, ""atr_dist"": 5.79}, {""type"": ""fib_2618"", ""price"": 127.34, ""atr_dist"": 8.64}]"	null	null	null	14.0	35.2	null	105.52	no valid bracket — no structural support passes the 3 gates (atr≥1.0, rr≥2.0, risk%≤regime ceiling)
VZ	57.9	75.6	76.8	BULLISH_BOS	FADING	DECELERATING	0.66	"{""leadership"": ""warn"", ""coil"": ""strong"", ""insti_money"": ""warn"", ""structure"": ""strong"", ""resistance"": ""strong"", ""extension"": null, ""sector"": ""strong""}"	strong	strong	strong	8.29	47.65	45.66	45.23	1.04	False	NONE	BULLISH	NONE	0	49.45	null	null	null	null	null	False	"[{""type"": ""resistance"", ""price"": 51.67, ""date"": ""2026-03-13"", ""atr_dist"": 2.12, ""vol_ratio"": 0.84, ""vol_validated"": false}, {""type"": ""fib_1272"", ""price"": 52.43, ""atr_dist"": 2.85}, {""type"": ""fib_1618"", ""price"": 53.39, ""atr_dist"": 3.77}, {""type"": ""fib_2000"", ""price"": 54.45, ""atr_dist"": 4.78}, {""type"": ""fib_2618"", ""price"": 56.16, ""atr_dist"": 6.42}]"	NONE	False	False	9.8	36.0	null	48.41	no valid bracket — no structural support passes the 3 gates (atr≥1.0, rr≥2.0, risk%≤regime ceiling)
TEAM	61.8	68.1	76.2	ABOVE_STRUCTURE	FADING	FLAT	0.57	"{""leadership"": ""warn"", ""coil"": ""warn"", ""insti_money"": ""ok"", ""structure"": ""ok"", ""resistance"": ""warn"", ""extension"": null, ""sector"": ""strong""}"	warn	ok	warn	61.99	135.88	106.07	107.91	8.92	False	NONE	BULLISH	NONE	0	171.81	null	null	null	null	null	False	"[{""type"": ""prior_high"", ""price"": 177.88, ""atr_dist"": 0.68}, {""type"": ""fib_1272"", ""price"": 204.5, ""atr_dist"": 3.66}, {""type"": ""fib_1618"", ""price"": 238.37, ""atr_dist"": 7.46}, {""type"": ""fib_2000"", ""price"": 275.76, ""atr_dist"": 11.65}, {""type"": ""fib_2618"", ""price"": 336.25, ""atr_dist"": 18.43}]"	NONE	False	False	66.3	19.3	null	162.89	no valid bracket — no structural support passes the 3 gates (atr≥1.0, rr≥2.0, risk%≤regime ceiling)
MRK	100.0	56.3	73.7	ABOVE_STRUCTURE	STRONG	ACCELERATING	1.59	"{""leadership"": ""strong"", ""coil"": ""warn"", ""insti_money"": ""ok"", ""structure"": ""ok"", ""resistance"": ""ok"", ""extension"": null, ""sector"": ""strong""}"	warn	ok	ok	19.18	134.23	128.0	115.3	4.41	False	NONE	BULLISH	NONE	0	152.55	null	null	null	null	null	False	"[{""type"": ""prior_high"", ""price"": 154.49, ""atr_dist"": 0.44}, {""type"": ""fib_1272"", ""price"": 162.18, ""atr_dist"": 2.18}, {""type"": ""fib_1618"", ""price"": 171.96, ""atr_dist"": 4.4}, {""type"": ""fib_2000"", ""price"": 182.76, ""atr_dist"": 6.85}, {""type"": ""fib_2618"", ""price"": 200.23, ""atr_dist"": 10.82}]"	NONE	False	False	20.1	68.5	CORRECTION_REENTRY	148.14	no valid bracket — no structural support passes the 3 gates (atr≥1.0, rr≥2.0, risk%≤regime ceiling)
GILD	73.7	64.7	81.1	ABOVE_STRUCTURE	STRONG	null	0.8	"{""leadership"": ""--"", ""coil"": ""--"", ""insti_money"": ""--"", ""structure"": ""ok"", ""resistance"": ""--"", ""extension"": null, ""sector"": ""strong""}"	--	ok	--	10.78	136.1	131.9	133.06	4.06	False	null	null	null	null	146.12	null	null	null	null	null	False	"[{""type"": ""resistance"", ""price"": 149.38, ""date"": ""2026-03-10"", ""atr_dist"": 0.8, ""vol_ratio"": 0.69, ""vol_validated"": false}, {""type"": ""fib_1618"", ""price"": 153.46, ""atr_dist"": 1.81}, {""type"": ""fib_2000"", ""price"": 155.99, ""atr_dist"": 2.43}, {""type"": ""fib_2618"", ""price"": 160.07, ""atr_dist"": 3.44}]"	null	null	null	14.9	57.9	CORRECTION_REENTRY	142.06	no valid bracket — no structural support passes the 3 gates (atr≥1.0, rr≥2.0, risk%≤regime ceiling)
HOG	73.7	66.4	82.1	RANGE	STRONG	ACCELERATING	0.98	"{""leadership"": ""warn"", ""coil"": ""warn"", ""insti_money"": ""strong"", ""structure"": ""ok"", ""resistance"": ""ok"", ""extension"": null, ""sector"": ""strong""}"	warn	ok	ok	8.74	26.3	25.93	22.88	0.98	False	NONE	BULLISH	NONE	0	28.2	null	null	null	null	null	False	"[{""type"": ""resistance"", ""price"": 28.77, ""date"": ""2026-07-22"", ""atr_dist"": 0.58, ""vol_ratio"": 1.02, ""vol_validated"": false}, {""type"": ""fib_1272"", ""price"": 30.07, ""atr_dist"": 1.9}, {""type"": ""fib_1618"", ""price"": 31.72, ""atr_dist"": 3.58}, {""type"": ""fib_2000"", ""price"": 33.55, ""atr_dist"": 5.45}, {""type"": ""fib_2618"", ""price"": 36.5, ""atr_dist"": 8.45}]"	NONE	False	False	16.9	39.7	CORRECTION_REENTRY	27.22	no valid bracket — no structural support passes the 3 gates (atr≥1.0, rr≥2.0, risk%≤regime ceiling)
UBER	35.5	58.8	87.4	RANGE	STRONG	ACCELERATING	0.61	"{""leadership"": ""warn"", ""coil"": ""warn"", ""insti_money"": ""ok"", ""structure"": ""ok"", ""resistance"": ""strong"", ""extension"": null, ""sector"": ""strong""}"	warn	ok	strong	8.07	73.85	72.92	77.1	2.74	False	NONE	BULLISH	NONE	0	78.8	null	null	null	null	null	False	"[{""type"": ""resistance"", ""price"": 78.99, ""date"": ""2026-08-11"", ""atr_dist"": 0.07, ""vol_ratio"": 0.89, ""vol_validated"": false}, {""type"": ""resistance"", ""price"": 80.83, ""date"": ""2026-05-07"", ""atr_dist"": 0.74, ""vol_ratio"": 1.63, ""vol_validated"": true}, {""type"": ""fib_1272"", ""price"": 83.05, ""atr_dist"": 1.55}, {""type"": ""fib_1618"", ""price"": 85.87, ""atr_dist"": 2.58}, {""type"": ""fib_2000"", ""price"": 88.99, ""atr_dist"": 3.72}, {""type"": ""fib_2618"", ""price"": 94.03, ""atr_dist"": 5.57}]"	NONE	False	False	20.3	39.9	ACCELERATION	76.06	no valid bracket — no structural support passes the 3 gates (atr≥1.0, rr≥2.0, risk%≤regime ceiling)
ADP	59.2	71.4	73.7	BULLISH_BOS	STRONG	ACCELERATING	1.07	"{""leadership"": ""warn"", ""coil"": ""ok"", ""insti_money"": ""ok"", ""structure"": ""strong"", ""resistance"": ""strong"", ""extension"": null, ""sector"": ""warn""}"	ok	strong	strong	12.56	270.7	249.48	235.62	7.29	False	NONE	BULLISH	NONE	0	280.81	null	null	null	null	null	False	"[{""type"": ""prior_high"", ""price"": 282.17, ""atr_dist"": 0.19}, {""type"": ""fib_1272"", ""price"": 293.53, ""atr_dist"": 1.74}, {""type"": ""fib_1618"", ""price"": 307.98, ""atr_dist"": 3.72}, {""type"": ""fib_2000"", ""price"": 323.94, ""atr_dist"": 5.91}, {""type"": ""fib_2618"", ""price"": 349.75, ""atr_dist"": 9.45}]"	NONE	False	False	11.6	51.3	ACCUMULATION_BASE	273.52	no valid bracket — no structural support passes the 3 gates (atr≥1.0, rr≥2.0, risk%≤regime ceiling)
TMUS	31.6	71.4	62.1	BEARISH_CHOCH	BUILDING	ACCELERATING	0.86	"{""leadership"": ""warn"", ""coil"": ""strong"", ""insti_money"": ""warn"", ""structure"": ""warn"", ""resistance"": ""warn"", ""extension"": null, ""sector"": ""strong""}"	strong	warn	warn	0.72	179.07	181.73	195.96	5.43	False	NONE	BULLISH	BULLISH	0	183.04	null	null	null	null	null	False	"[{""type"": ""resistance"", ""price"": 189.89, ""date"": ""2026-06-16"", ""atr_dist"": 1.26, ""vol_ratio"": 1.1, ""vol_validated"": false}, {""type"": ""resistance"", ""price"": 196.24, ""date"": ""2026-05-12"", ""atr_dist"": 2.43, ""vol_ratio"": 0.67, ""vol_validated"": false}, {""type"": ""resistance"", ""price"": 200.63, ""date"": ""2026-04-29"", ""atr_dist"": 3.24, ""vol_ratio"": 1.46, ""vol_validated"": true}, {""type"": ""resistance"", ""price"": 206.78, ""date"": ""2026-04-21"", ""atr_dist"": 4.37, ""vol_ratio"": 1.95, ""vol_validated"": true}, {""type"": ""prior_high"", ""price"": 222.09, ""atr_dist"": 7.19}, {""type"": ""fib_1618"", ""price"": 227.09, ""atr_dist"": 8.11}, {""type"": ""fib_2000"", ""price"": 230.18, ""atr_dist"": 8.68}, {""type"": ""fib_2618"", ""price"": 235.18, ""atr_dist"": 9.6}]"	NONE	True	False	10.0	46.1	CORRECTION_REENTRY	177.61	no valid bracket — no structural support passes the 3 gates (atr≥1.0, rr≥2.0, risk%≤regime ceiling)
CART	59.2	64.7	73.7	RANGE	STRONG	ACCELERATING	0.7	"{""leadership"": ""strong"", ""coil"": ""warn"", ""insti_money"": ""ok"", ""structure"": ""ok"", ""resistance"": ""warn"", ""extension"": null, ""sector"": ""strong""}"	warn	ok	warn	7.23	47.65	46.47	41.71	1.92	False	NONE	BULLISH	BEARISH	1	49.83	47.65	ma20	1.13	4.37	2.12	True	"[{""type"": ""resistance"", ""price"": 51.06, ""tp"": ""TP1"", ""r"": 0.56, ""atr_dist"": 0.64, ""date"": ""2026-08-07"", ""vol_ratio"": 3.51, ""vol_validated"": true}, {""type"": ""fib_1272"", ""price"": 54.46, ""tp"": ""TP2"", ""r"": 2.12, ""atr_dist"": 2.41}, {""type"": ""fib_1618"", ""price"": 57.83, ""tp"": ""TP3"", ""r"": 3.67, ""atr_dist"": 4.16}, {""type"": ""fib_2000"", ""price"": 61.54, ""tp"": null, ""r"": 5.37, ""atr_dist"": 6.09}, {""type"": ""fib_2618"", ""price"": 67.55, ""tp"": null, ""r"": 8.13, ""atr_dist"": 9.21}]"	NONE	False	False	19.5	43.1	null	47.91	null
CMCSA	48.7	63.9	94.7	ABOVE_STRUCTURE	STRONG	ACCELERATING	0.73	"{""leadership"": ""warn"", ""coil"": ""warn"", ""insti_money"": ""warn"", ""structure"": ""ok"", ""resistance"": ""strong"", ""extension"": null, ""sector"": ""strong""}"	warn	ok	strong	11.3	25.22	24.12	27.06	0.74	False	NONE	BULLISH	NONE	0	26.85	25.31	ma100	2.09	5.74	3.4	True	"[{""type"": ""resistance"", ""price"": 27.1, ""tp"": ""TP1"", ""r"": 0.16, ""atr_dist"": 0.34, ""date"": ""2026-06-29"", ""vol_ratio"": 3.37, ""vol_validated"": true}, {""type"": ""resistance"", ""price"": 32.08, ""tp"": ""TP2"", ""r"": 3.4, ""atr_dist"": 7.1, ""date"": ""2026-04-23"", ""vol_ratio"": 1.75, ""vol_validated"": true}, {""type"": ""fib_1272"", ""price"": 32.98, ""tp"": ""TP3"", ""r"": 3.98, ""atr_dist"": 8.32}, {""type"": ""fib_1618"", ""price"": 33.72, ""tp"": null, ""r"": 4.46, ""atr_dist"": 9.32}, {""type"": ""fib_2000"", ""price"": 34.53, ""tp"": null, ""r"": 4.99, ""atr_dist"": 10.42}, {""type"": ""fib_2618"", ""price"": 35.85, ""tp"": null, ""r"": 5.84, ""atr_dist"": 12.21}]"	NONE	False	False	18.9	30.9	CORRECTION_REENTRY	26.11	null
PLTR	30.3	63.9	89.3	ABOVE_STRUCTURE	STRONG	null	0.88	"{""leadership"": ""--"", ""coil"": ""--"", ""insti_money"": ""--"", ""structure"": ""ok"", ""resistance"": ""--"", ""extension"": null, ""sector"": ""strong""}"	--	ok	--	29.52	157.27	138.93	151.51	7.7	False	null	null	null	null	179.94	null	null	null	null	null	False	"[{""type"": ""prior_high"", ""price"": 182.44, ""atr_dist"": 0.32}, {""type"": ""fib_1272"", ""price"": 200.0, ""atr_dist"": 2.6}, {""type"": ""fib_1618"", ""price"": 222.33, ""atr_dist"": 5.5}, {""type"": ""fib_2000"", ""price"": 246.99, ""atr_dist"": 8.71}, {""type"": ""fib_2618"", ""price"": 286.88, ""atr_dist"": 13.89}]"	null	null	null	43.0	16.7	null	172.24	no valid bracket — no structural support passes the 3 gates (atr≥1.0, rr≥2.0, risk%≤regime ceiling)
MTCH	67.1	61.3	71.6	RANGE	BUILDING	ACCELERATING	0.69	"{""leadership"": ""ok"", ""coil"": ""warn"", ""insti_money"": ""ok"", ""structure"": ""ok"", ""resistance"": ""strong"", ""extension"": null, ""sector"": ""strong""}"	warn	ok	strong	7.74	38.61	37.93	34.21	1.26	False	NONE	BEARISH	BEARISH	2	40.87	null	null	null	null	null	False	"[{""type"": ""resistance"", ""price"": 41.03, ""date"": ""2026-07-16"", ""atr_dist"": 0.13, ""vol_ratio"": 0.97, ""vol_validated"": false}, {""type"": ""fib_1272"", ""price"": 42.65, ""atr_dist"": 1.42}, {""type"": ""fib_1618"", ""price"": 44.23, ""atr_dist"": 2.68}, {""type"": ""fib_2000"", ""price"": 45.98, ""atr_dist"": 4.07}, {""type"": ""fib_2618"", ""price"": 48.81, ""atr_dist"": 6.32}]"	NONE	False	False	13.4	75.2	ACCELERATION	39.61	no valid bracket — no structural support passes the 3 gates (atr≥1.0, rr≥2.0, risk%≤regime ceiling)
EOG	73.7	62.2	73.7	ABOVE_STRUCTURE	FADING	ACCELERATING	1.11	"{""leadership"": ""strong"", ""coil"": ""warn"", ""insti_money"": ""strong"", ""structure"": ""ok"", ""resistance"": ""strong"", ""extension"": null, ""sector"": ""strong""}"	warn	ok	strong	10.11	143.84	138.99	126.74	3.69	False	NONE	BULLISH	MIXED	1	153.05	null	null	null	null	null	False	"[{""type"": ""prior_high"", ""price"": 153.67, ""atr_dist"": 0.17}, {""type"": ""fib_1272"", ""price"": 159.17, ""atr_dist"": 1.66}, {""type"": ""fib_1618"", ""price"": 166.17, ""atr_dist"": 3.56}, {""type"": ""fib_2000"", ""price"": 173.89, ""atr_dist"": 5.65}, {""type"": ""fib_2618"", ""price"": 186.39, ""atr_dist"": 9.04}]"	NONE	False	False	14.1	54.5	SUSTAINED	149.36	no valid bracket — no structural support passes the 3 gates (atr≥1.0, rr≥2.0, risk%≤regime ceiling)
ICE	73.7	78.2	80.0	BULLISH_BOS	FADING	FLAT	0.88	"{""leadership"": ""warn"", ""coil"": ""ok"", ""insti_money"": ""ok"", ""structure"": ""strong"", ""resistance"": ""ok"", ""extension"": null, ""sector"": ""warn""}"	ok	strong	ok	13.06	153.3	142.62	154.66	3.69	False	NONE	BULLISH	NONE	0	161.25	null	null	null	null	null	False	"[{""type"": ""resistance"", ""price"": 161.34, ""date"": ""2026-04-30"", ""atr_dist"": 0.02, ""vol_ratio"": 1.94, ""vol_validated"": true}, {""type"": ""resistance"", ""price"": 168.2, ""date"": ""2026-04-08"", ""atr_dist"": 1.88, ""vol_ratio"": 0.78, ""vol_validated"": false}, {""type"": ""fib_1272"", ""price"": 172.5, ""atr_dist"": 3.05}, {""type"": ""fib_1618"", ""price"": 177.98, ""atr_dist"": 4.53}, {""type"": ""fib_2000"", ""price"": 184.02, ""atr_dist"": 6.17}, {""type"": ""fib_2618"", ""price"": 193.8, ""atr_dist"": 8.82}]"	NONE	False	False	11.2	45.6	null	157.56	no valid bracket — no structural support passes the 3 gates (atr≥1.0, rr≥2.0, risk%≤regime ceiling)
RJF	43.4	76.5	63.2	RANGE	FADING	DECELERATING	1.78	"{""leadership"": ""ok"", ""coil"": ""strong"", ""insti_money"": ""ok"", ""structure"": ""ok"", ""resistance"": ""ok"", ""extension"": null, ""sector"": ""warn""}"	strong	ok	ok	4.32	177.75	167.95	159.53	3.75	False	NONE	BEARISH	BEARISH	1	175.2	170.54	fib_618	1.24	2.66	2.77	True	"[{""type"": ""resistance"", ""price"": 182.73, ""tp"": ""TP1"", ""r"": 1.62, ""atr_dist"": 2.01, ""date"": ""2026-08-06""}, {""type"": ""fib_1272"", ""price"": 188.09, ""tp"": ""TP2"", ""r"": 2.77, ""atr_dist"": 3.44}, {""type"": ""fib_1618"", ""price"": 194.92, ""tp"": ""TP3"", ""r"": 4.23, ""atr_dist"": 5.26}, {""type"": ""fib_2000"", ""price"": 202.45, ""tp"": null, ""r"": 5.85, ""atr_dist"": 7.27}, {""type"": ""fib_2618"", ""price"": 214.64, ""tp"": null, ""r"": 8.46, ""atr_dist"": 10.53}]"	NONE	True	False	null	null	null	171.45	null
GENI	61.8	76.5	68.4	RANGE	STRONG	FLAT	0.41	"{""leadership"": ""warn"", ""coil"": ""ok"", ""insti_money"": ""ok"", ""structure"": ""ok"", ""resistance"": ""warn"", ""extension"": null, ""sector"": ""strong""}"	ok	ok	warn	17.25	7.65	6.87	7.16	0.49	False	NONE	BULLISH	NONE	0	8.06	null	null	null	null	null	False	"[{""type"": ""resistance"", ""price"": 8.43, ""date"": ""2026-08-14"", ""atr_dist"": 0.76, ""vol_ratio"": 0.77, ""vol_validated"": false}, {""type"": ""fib_1272"", ""price"": 9.14, ""atr_dist"": 2.22}, {""type"": ""fib_1618"", ""price"": 9.85, ""atr_dist"": 3.68}, {""type"": ""fib_2000"", ""price"": 10.63, ""atr_dist"": 5.29}, {""type"": ""fib_2618"", ""price"": 11.89, ""atr_dist"": 7.88}]"	NONE	False	False	26.9	45.3	INTERRUPTED	7.57	no valid bracket — no structural support passes the 3 gates (atr≥1.0, rr≥2.0, risk%≤regime ceiling)
PATH	69.7	63.9	77.7	RANGE	STRONG	null	0.79	"{""leadership"": ""--"", ""coil"": ""--"", ""insti_money"": ""--"", ""structure"": ""ok"", ""resistance"": ""--"", ""extension"": null, ""sector"": ""strong""}"	--	ok	--	31.41	14.52	12.47	12.73	0.83	False	null	null	null	null	16.39	null	null	null	null	null	False	"[{""type"": ""resistance"", ""price"": 16.82, ""date"": ""2026-08-14"", ""atr_dist"": 0.52, ""vol_ratio"": 0.69, ""vol_validated"": false}, {""type"": ""fib_1272"", ""price"": 18.63, ""atr_dist"": 2.7}, {""type"": ""fib_1618"", ""price"": 20.94, ""atr_dist"": 5.48}, {""type"": ""fib_2000"", ""price"": 23.48, ""atr_dist"": 8.54}, {""type"": ""fib_2618"", ""price"": 27.6, ""atr_dist"": 13.51}]"	null	null	null	40.8	22.2	null	15.56	no valid bracket — no structural support passes the 3 gates (atr≥1.0, rr≥2.0, risk%≤regime ceiling)
GIS	59.2	60.5	73.7	null	BUILDING	ACCELERATING	0.61	"{""leadership"": ""warn"", ""coil"": ""warn"", ""insti_money"": ""warn"", ""structure"": ""--"", ""resistance"": ""strong"", ""extension"": null, ""sector"": ""strong""}"	warn	--	strong	9.29	37.63	36.57	40.22	1.11	False	NONE	BULLISH	BULLISH	0	39.97	null	null	null	null	null	False	[]	NONE	False	False	12.5	49.9	null	38.86	no valid bracket — no structural resistance above price
CAG	78.9	57.1	73.7	null	BUILDING	ACCELERATING	0.86	"{""leadership"": ""warn"", ""coil"": ""warn"", ""insti_money"": ""strong"", ""structure"": ""--"", ""resistance"": ""strong"", ""extension"": null, ""sector"": ""strong""}"	warn	--	strong	13.41	15.31	14.49	15.93	0.47	False	NONE	BULLISH	NONE	0	16.43	null	null	null	null	null	False	[]	NONE	False	False	12.7	53.6	SUSTAINED	15.96	no valid bracket — no structural resistance above price
TTAN	61.8	69.7	78.9	ABOVE_STRUCTURE	STRONG	null	0.76	"{""leadership"": ""--"", ""coil"": ""--"", ""insti_money"": ""--"", ""structure"": ""ok"", ""resistance"": ""--"", ""extension"": null, ""sector"": ""strong""}"	--	ok	--	21.6	87.07	78.02	78.23	4.85	False	null	null	null	null	94.87	null	null	null	null	null	False	"[{""type"": ""prior_high"", ""price"": 96.76, ""atr_dist"": 0.39}, {""type"": ""fib_1272"", ""price"": 104.82, ""atr_dist"": 2.05}, {""type"": ""fib_1618"", ""price"": 115.08, ""atr_dist"": 4.16}, {""type"": ""fib_2000"", ""price"": 126.41, ""atr_dist"": 6.5}, {""type"": ""fib_2618"", ""price"": 144.73, ""atr_dist"": 10.27}]"	null	null	null	29.9	32.0	CORRECTION_REENTRY	90.02	no valid bracket — no structural support passes the 3 gates (atr≥1.0, rr≥2.0, risk%≤regime ceiling)
ELF	36.8	69.7	84.2	ABOVE_STRUCTURE	STRONG	ACCELERATING	0.56	"{""leadership"": ""warn"", ""coil"": ""ok"", ""insti_money"": ""ok"", ""structure"": ""ok"", ""resistance"": ""strong"", ""extension"": null, ""sector"": ""strong""}"	ok	ok	strong	28.92	90.72	79.07	74.91	4.54	False	NONE	BULLISH	BEARISH	2	101.94	null	null	null	null	null	False	"[{""type"": ""prior_high"", ""price"": 102.22, ""atr_dist"": 0.06}, {""type"": ""fib_1272"", ""price"": 113.29, ""atr_dist"": 2.5}, {""type"": ""fib_1618"", ""price"": 127.37, ""atr_dist"": 5.6}, {""type"": ""fib_2000"", ""price"": 142.91, ""atr_dist"": 9.03}, {""type"": ""fib_2618"", ""price"": 168.06, ""atr_dist"": 14.57}]"	NONE	False	False	26.9	49.9	ACCELERATION	97.4	no valid bracket — no structural support passes the 3 gates (atr≥1.0, rr≥2.0, risk%≤regime ceiling)
CPNG	22.4	58.2	44.2	BEARISH_CHOCH	BUILDING	ACCELERATING	0.58	"{""leadership"": ""warn"", ""coil"": ""strong"", ""insti_money"": ""warn"", ""structure"": ""warn"", ""resistance"": ""warn"", ""extension"": null, ""sector"": ""strong""}"	strong	warn	warn	-3.0	16.14	16.96	19.95	0.61	False	NONE	BULLISH	NONE	0	16.45	15.03	swing_low_3	2.31	8.63	2.17	True	"[{""type"": ""resistance"", ""price"": 16.91, ""tp"": ""TP1"", ""r"": 0.32, ""atr_dist"": 0.75, ""date"": ""2026-06-01"", ""vol_ratio"": 0.59, ""vol_validated"": false}, {""type"": ""resistance"", ""price"": 19.53, ""tp"": ""TP2"", ""r"": 2.17, ""atr_dist"": 5.02, ""date"": ""2026-07-07"", ""vol_ratio"": 0.52, ""vol_validated"": false}, {""type"": ""resistance"", ""price"": 20.93, ""tp"": ""TP3"", ""r"": 3.15, ""atr_dist"": 7.3, ""date"": ""2026-05-05"", ""vol_ratio"": 1.18, ""vol_validated"": false}, {""type"": ""resistance"", ""price"": 21.65, ""tp"": null, ""r"": 3.66, ""atr_dist"": 8.47, ""date"": ""2026-03-18"", ""vol_ratio"": 0.78, ""vol_validated"": false}, {""type"": ""prior_high"", ""price"": 22.24, ""tp"": null, ""r"": 4.08, ""atr_dist"": 9.43}, {""type"": ""fib_1272"", ""price"": 23.47, ""tp"": null, ""r"": 4.94, ""atr_dist"": 11.43}, {""type"": ""fib_1618"", ""price"": 25.03, ""tp"": null, ""r"": 6.04, ""atr_dist"": 13.97}, {""type"": ""fib_2000"", ""price"": 26.75, ""tp"": null, ""r"": 7.25, ""atr_dist"": 16.78}, {""type"": ""fib_2618"", ""price"": 29.54, ""tp"": null, ""r"": 9.22, ""atr_dist"": 21.32}]"	NONE	True	False	12.4	58.2	INTERRUPTED	15.84	null
ABT	59.2	69.7	84.2	ABOVE_STRUCTURE	FADING	DECELERATING	1.17	"{""leadership"": ""warn"", ""coil"": ""ok"", ""insti_money"": ""warn"", ""structure"": ""ok"", ""resistance"": ""strong"", ""extension"": null, ""sector"": ""strong""}"	ok	ok	strong	16.71	109.26	99.94	107.08	2.65	False	NONE	BULLISH	NONE	0	116.64	null	null	null	null	null	False	"[{""type"": ""prior_high"", ""price"": 116.66, ""atr_dist"": 0.01}, {""type"": ""fib_1272"", ""price"": 124.55, ""atr_dist"": 2.99}, {""type"": ""fib_1618"", ""price"": 134.59, ""atr_dist"": 6.78}, {""type"": ""fib_2000"", ""price"": 145.68, ""atr_dist"": 10.98}, {""type"": ""fib_2618"", ""price"": 163.61, ""atr_dist"": 17.75}]"	NONE	False	False	12.5	51.6	CORRECTION_REENTRY	113.99	no valid bracket — no structural support passes the 3 gates (atr≥1.0, rr≥2.0, risk%≤regime ceiling)
CXW	94.7	80.7	71.6	RANGE	BUILDING	FLAT	1.71	"{""leadership"": ""strong"", ""coil"": ""ok"", ""insti_money"": ""strong"", ""structure"": ""ok"", ""resistance"": ""ok"", ""extension"": null, ""sector"": ""ok""}"	ok	ok	ok	10.11	31.9	30.89	22.25	1.53	False	NONE	BULLISH	MIXED	3	34.01	null	null	null	null	null	False	"[{""type"": ""resistance"", ""price"": 34.86, ""date"": ""2026-08-10"", ""atr_dist"": 0.56, ""vol_ratio"": 1.43, ""vol_validated"": true}, {""type"": ""fib_1272"", ""price"": 36.59, ""atr_dist"": 1.69}, {""type"": ""fib_1618"", ""price"": 38.79, ""atr_dist"": 3.12}, {""type"": ""fib_2000"", ""price"": 41.22, ""atr_dist"": 4.71}, {""type"": ""fib_2618"", ""price"": 45.15, ""atr_dist"": 7.28}]"	NONE	False	False	20.1	46.5	CORRECTION_REENTRY	32.48	no valid bracket — no structural support passes the 3 gates (atr≥1.0, rr≥2.0, risk%≤regime ceiling)
RHI	57.9	75.6	72.6	ABOVE_STRUCTURE	STRONG	ACCELERATING	1.08	"{""leadership"": ""warn"", ""coil"": ""ok"", ""insti_money"": ""warn"", ""structure"": ""ok"", ""resistance"": ""strong"", ""extension"": null, ""sector"": ""warn""}"	ok	ok	strong	20.49	41.49	37.14	29.42	1.96	False	NONE	BULLISH	NONE	0	44.75	null	null	null	null	null	False	"[{""type"": ""prior_high"", ""price"": 45.83, ""atr_dist"": 0.55}, {""type"": ""fib_1272"", ""price"": 48.84, ""atr_dist"": 2.09}, {""type"": ""fib_1618"", ""price"": 52.67, ""atr_dist"": 4.04}, {""type"": ""fib_2000"", ""price"": 56.89, ""atr_dist"": 6.2}, {""type"": ""fib_2618"", ""price"": 63.73, ""atr_dist"": 9.69}]"	NONE	False	False	23.6	35.1	CORRECTION_REENTRY	42.79	no valid bracket — no structural support passes the 3 gates (atr≥1.0, rr≥2.0, risk%≤regime ceiling)
SNY	73.7	62.2	68.4	BULLISH_BOS	BUILDING	ACCELERATING	0.58	"{""leadership"": ""warn"", ""coil"": ""warn"", ""insti_money"": ""strong"", ""structure"": ""strong"", ""resistance"": ""strong"", ""extension"": null, ""sector"": ""strong""}"	warn	strong	strong	5.41	43.98	43.49	46.03	0.83	False	NONE	BULLISH	NONE	0	45.85	44.37	ma100	1.77	3.23	2.32	True	"[{""type"": ""resistance"", ""price"": 48.35, ""tp"": ""TP1"", ""r"": 1.69, ""atr_dist"": 3.0, ""date"": ""2026-03-31"", ""vol_ratio"": 0.84, ""vol_validated"": false}, {""type"": ""fib_1272"", ""price"": 49.29, ""tp"": ""TP2"", ""r"": 2.32, ""atr_dist"": 4.12}, {""type"": ""fib_1618"", ""price"": 50.17, ""tp"": ""TP3"", ""r"": 2.92, ""atr_dist"": 5.18}, {""type"": ""fib_2000"", ""price"": 51.14, ""tp"": null, ""r"": 3.57, ""atr_dist"": 6.34}, {""type"": ""fib_2618"", ""price"": 52.71, ""tp"": null, ""r"": 4.64, ""atr_dist"": 8.23}]"	NONE	False	False	10.7	47.5	CORRECTION_REENTRY	45.02	null
NDAQ	56.6	85.7	73.7	BULLISH_BOS	FADING	ACCELERATING	1.31	"{""leadership"": ""strong"", ""coil"": ""strong"", ""insti_money"": ""strong"", ""structure"": ""strong"", ""resistance"": ""strong"", ""extension"": null, ""sector"": ""warn""}"	strong	strong	strong	9.1	95.64	90.03	89.82	2.12	False	NONE	BULLISH	NONE	0	98.22	null	null	null	null	null	False	"[{""type"": ""prior_high"", ""price"": 99.35, ""atr_dist"": 0.53}, {""type"": ""fib_1272"", ""price"": 101.03, ""atr_dist"": 1.33}, {""type"": ""fib_1618"", ""price"": 103.16, ""atr_dist"": 2.33}, {""type"": ""fib_2000"", ""price"": 105.51, ""atr_dist"": 3.44}, {""type"": ""fib_2618"", ""price"": 109.32, ""atr_dist"": 5.24}]"	NONE	True	False	8.7	41.4	INTERRUPTED	96.1	no valid bracket — no structural support passes the 3 gates (atr≥1.0, rr≥2.0, risk%≤regime ceiling)
VG	51.3	80.7	66.3	RANGE	FADING	DECELERATING	0.8	"{""leadership"": ""warn"", ""coil"": ""strong"", ""insti_money"": ""strong"", ""structure"": ""ok"", ""resistance"": ""warn"", ""extension"": null, ""sector"": ""strong""}"	strong	ok	warn	11.55	13.44	12.74	11.05	0.74	False	NONE	BULLISH	NONE	0	14.21	null	null	null	null	null	False	"[{""type"": ""resistance"", ""price"": 14.28, ""date"": ""2026-08-10"", ""atr_dist"": 0.09, ""vol_ratio"": 0.98, ""vol_validated"": false}, {""type"": ""resistance"", ""price"": 14.95, ""date"": ""2026-05-19"", ""atr_dist"": 1.0, ""vol_ratio"": 0.83, ""vol_validated"": false}, {""type"": ""resistance"", ""price"": 15.45, ""date"": ""2026-07-23"", ""atr_dist"": 1.68, ""vol_ratio"": 1.55, ""vol_validated"": true}, {""type"": ""resistance"", ""price"": 17.62, ""date"": ""2026-03-24"", ""atr_dist"": 4.63, ""vol_ratio"": 1.37, ""vol_validated"": true}, {""type"": ""fib_1272"", ""price"": 19.56, ""atr_dist"": 7.26}, {""type"": ""fib_1618"", ""price"": 22.02, ""atr_dist"": 10.6}, {""type"": ""fib_2000"", ""price"": 24.74, ""atr_dist"": 14.29}, {""type"": ""fib_2618"", ""price"": 29.14, ""atr_dist"": 20.26}]"	NONE	False	False	19.0	42.3	CORRECTION_REENTRY	13.47	no valid bracket — no structural support passes the 3 gates (atr≥1.0, rr≥2.0, risk%≤regime ceiling)
UAL	28.9	45.6	29.5	RANGE	FADING	DECELERATING	1.04	"{""leadership"": ""warn"", ""coil"": ""strong"", ""insti_money"": ""warn"", ""structure"": ""ok"", ""resistance"": ""warn"", ""extension"": null, ""sector"": ""warn""}"	strong	ok	warn	-8.38	123.48	123.53	107.51	4.17	False	NONE	BULLISH	NONE	0	113.17	107.51	ma200	1.36	5.0	2.05	True	"[{""type"": ""resistance"", ""price"": 117.96, ""tp"": ""TP1"", ""r"": 0.85, ""atr_dist"": 1.15, ""date"": ""2026-05-29"", ""vol_ratio"": 1.17, ""vol_validated"": false}, {""type"": ""resistance"", ""price"": 124.79, ""tp"": ""TP2"", ""r"": 2.05, ""atr_dist"": 2.79, ""date"": ""2026-06-15"", ""vol_ratio"": 1.3, ""vol_validated"": true}, {""type"": ""resistance"", ""price"": 135.37, ""tp"": ""TP3"", ""r"": 3.92, ""atr_dist"": 5.32, ""date"": ""2026-08-05"", ""vol_ratio"": 0.83, ""vol_validated"": false}, {""type"": ""resistance"", ""price"": 138.77, ""tp"": null, ""r"": 4.52, ""atr_dist"": 6.14, ""date"": ""2026-06-30"", ""vol_ratio"": 0.88, ""vol_validated"": false}, {""type"": ""fib_1272"", ""price"": 148.83, ""tp"": null, ""r"": 6.3, ""atr_dist"": 8.55}, {""type"": ""fib_1618"", ""price"": 161.64, ""tp"": null, ""r"": 8.56, ""atr_dist"": 11.62}, {""type"": ""fib_2000"", ""price"": 175.77, ""tp"": null, ""r"": 11.06, ""atr_dist"": 15.01}, {""type"": ""fib_2618"", ""price"": 198.64, ""tp"": null, ""r"": 15.1, ""atr_dist"": 20.5}]"	NONE	False	False	null	null	null	109.0	null
FCX	94.7	60.5	88.4	ABOVE_STRUCTURE	BUILDING	null	2.25	"{""leadership"": ""--"", ""coil"": ""--"", ""insti_money"": ""--"", ""structure"": ""ok"", ""resistance"": ""--"", ""extension"": null, ""sector"": ""strong""}"	--	ok	--	18.53	67.11	64.68	59.15	3.0	False	null	null	null	null	76.66	null	null	null	null	null	False	"[{""type"": ""prior_high"", ""price"": 77.33, ""atr_dist"": 0.22}, {""type"": ""fib_1272"", ""price"": 80.53, ""atr_dist"": 1.29}, {""type"": ""fib_1618"", ""price"": 84.6, ""atr_dist"": 2.65}, {""type"": ""fib_2000"", ""price"": 89.09, ""atr_dist"": 4.14}, {""type"": ""fib_2618"", ""price"": 96.36, ""atr_dist"": 6.57}]"	null	null	null	28.2	57.5	ACCELERATION	73.66	no valid bracket — no structural support passes the 3 gates (atr≥1.0, rr≥2.0, risk%≤regime ceiling)
OXY	78.9	70.6	71.6	ABOVE_STRUCTURE	BUILDING	DECELERATING	0.76	"{""leadership"": ""strong"", ""coil"": ""ok"", ""insti_money"": ""strong"", ""structure"": ""ok"", ""resistance"": ""ok"", ""extension"": null, ""sector"": ""strong""}"	ok	ok	ok	11.89	57.41	54.79	51.48	1.53	False	NONE	BULLISH	BULLISH	0	61.3	57.93	fib_618	2.2	5.5	3.07	True	"[{""type"": ""resistance"", ""price"": 67.45, ""tp"": ""TP1"", ""r"": 1.82, ""atr_dist"": 4.02, ""date"": ""2026-03-31"", ""vol_ratio"": 1.58, ""vol_validated"": true}, {""type"": ""fib_1272"", ""price"": 71.64, ""tp"": ""TP2"", ""r"": 3.07, ""atr_dist"": 6.76}, {""type"": ""fib_1618"", ""price"": 76.97, ""tp"": ""TP3"", ""r"": 4.65, ""atr_dist"": 10.25}, {""type"": ""fib_2000"", ""price"": 82.85, ""tp"": null, ""r"": 6.39, ""atr_dist"": 14.09}, {""type"": ""fib_2618"", ""price"": 92.37, ""tp"": null, ""r"": 9.22, ""atr_dist"": 20.32}]"	NONE	False	False	14.7	46.4	SUSTAINED	59.77	null
CCJ	60.5	62.2	53.7	RANGE	BUILDING	DECELERATING	1.33	"{""leadership"": ""warn"", ""coil"": ""ok"", ""insti_money"": ""strong"", ""structure"": ""ok"", ""resistance"": ""warn"", ""extension"": null, ""sector"": ""strong""}"	ok	ok	warn	6.62	94.24	96.14	104.83	3.94	False	NONE	BEARISH	NONE	0	102.51	96.14	ma50	1.62	6.21	3.11	True	"[{""type"": ""resistance"", ""price"": 111.49, ""tp"": ""TP1"", ""r"": 1.41, ""atr_dist"": 2.28, ""date"": ""2026-06-23"", ""vol_ratio"": 1.14, ""vol_validated"": false}, {""type"": ""resistance"", ""price"": 122.3, ""tp"": ""TP2"", ""r"": 3.11, ""atr_dist"": 5.02, ""date"": ""2026-03-10"", ""vol_ratio"": 1.42, ""vol_validated"": true}, {""type"": ""resistance"", ""price"": 124.72, ""tp"": ""TP3"", ""r"": 3.49, ""atr_dist"": 5.63, ""date"": ""2026-05-05"", ""vol_ratio"": 1.71, ""vol_validated"": true}, {""type"": ""resistance"", ""price"": 131.21, ""tp"": null, ""r"": 4.51, ""atr_dist"": 7.28, ""date"": ""2026-04-23"", ""vol_ratio"": 1.45, ""vol_validated"": true}, {""type"": ""fib_1272"", ""price"": 139.35, ""tp"": null, ""r"": 5.78, ""atr_dist"": 9.34}, {""type"": ""fib_1618"", ""price"": 149.71, ""tp"": null, ""r"": 7.41, ""atr_dist"": 11.97}, {""type"": ""fib_2000"", ""price"": 161.14, ""tp"": null, ""r"": 9.2, ""atr_dist"": 14.87}, {""type"": ""fib_2618"", ""price"": 179.64, ""tp"": null, ""r"": 12.11, ""atr_dist"": 19.56}]"	NONE	False	False	20.7	43.7	INTERRUPTED	98.57	null
CHYM	61.8	61.3	76.8	RANGE	STRONG	ACCELERATING	0.61	"{""leadership"": ""strong"", ""coil"": ""warn"", ""insti_money"": ""ok"", ""structure"": ""ok"", ""resistance"": ""ok"", ""extension"": null, ""sector"": ""warn""}"	warn	ok	ok	40.68	28.36	23.3	22.09	1.54	False	NONE	BULLISH	BEARISH	1	32.78	null	null	null	null	null	False	"[{""type"": ""resistance"", ""price"": 33.41, ""date"": ""2026-08-06"", ""atr_dist"": 0.41, ""vol_ratio"": 4.89, ""vol_validated"": true}, {""type"": ""fib_1272"", ""price"": 37.41, ""atr_dist"": 3.0}, {""type"": ""fib_1618"", ""price"": 42.09, ""atr_dist"": 6.04}, {""type"": ""fib_2000"", ""price"": 47.25, ""atr_dist"": 9.38}, {""type"": ""fib_2618"", ""price"": 55.6, ""atr_dist"": 14.8}]"	NONE	False	False	47.0	22.3	null	31.24	no valid bracket — no structural support passes the 3 gates (atr≥1.0, rr≥2.0, risk%≤regime ceiling)
GEO	82.9	79.0	73.7	BULLISH_BOS	BUILDING	FLAT	1.5	"{""leadership"": ""strong"", ""coil"": ""strong"", ""insti_money"": ""strong"", ""structure"": ""strong"", ""resistance"": ""ok"", ""extension"": null, ""sector"": ""ok""}"	strong	strong	ok	8.0	31.03	30.29	20.74	1.24	False	NONE	BULLISH	MIXED	3	32.71	null	null	null	null	null	False	"[{""type"": ""prior_high"", ""price"": 32.92, ""atr_dist"": 0.17}, {""type"": ""fib_1272"", ""price"": 34.02, ""atr_dist"": 1.05}, {""type"": ""fib_1618"", ""price"": 35.41, ""atr_dist"": 2.17}, {""type"": ""fib_2000"", ""price"": 36.95, ""atr_dist"": 3.41}, {""type"": ""fib_2618"", ""price"": 39.44, ""atr_dist"": 5.41}]"	BREAKOUT_UP	True	True	13.0	69.1	INTERRUPTED	31.47	no valid bracket — no structural support passes the 3 gates (atr≥1.0, rr≥2.0, risk%≤regime ceiling)
MRNA	93.4	68.1	55.2	ABOVE_STRUCTURE	STRONG	ACCELERATING	4.39	"{""leadership"": ""strong"", ""coil"": ""warn"", ""insti_money"": ""ok"", ""structure"": ""ok"", ""resistance"": ""warn"", ""extension"": null, ""sector"": ""strong""}"	warn	ok	warn	114.68	72.57	67.6	48.73	14.88	False	NONE	BULLISH	NONE	0	145.13	null	null	null	null	null	False	"[{""type"": ""prior_high"", ""price"": 176.66, ""atr_dist"": 2.12}, {""type"": ""fib_1272"", ""price"": 210.39, ""atr_dist"": 4.38}, {""type"": ""fib_1618"", ""price"": 253.29, ""atr_dist"": 7.27}, {""type"": ""fib_2000"", ""price"": 300.66, ""atr_dist"": 10.45}, {""type"": ""fib_2618"", ""price"": 377.29, ""atr_dist"": 15.6}]"	NONE	False	False	108.1	88.7	CORRECTION_REENTRY	130.25	no valid bracket — no structural support passes the 3 gates (atr≥1.0, rr≥2.0, risk%≤regime ceiling)
BSY	61.8	84.9	93.7	BEARISH_CHOCH	BUILDING	ACCELERATING	0.58	"{""leadership"": ""warn"", ""coil"": ""strong"", ""insti_money"": ""ok"", ""structure"": ""warn"", ""resistance"": ""ok"", ""extension"": null, ""sector"": ""strong""}"	strong	warn	ok	13.2	35.73	32.76	35.93	1.53	False	NONE	BULLISH	NONE	0	37.08	null	null	null	null	null	False	"[{""type"": ""resistance"", ""price"": 37.26, ""date"": ""2026-07-29"", ""atr_dist"": 0.12, ""vol_ratio"": 1.76, ""vol_validated"": true}, {""type"": ""prior_high"", ""price"": 40.36, ""atr_dist"": 2.14}, {""type"": ""fib_1272"", ""price"": 41.2, ""atr_dist"": 2.69}, {""type"": ""fib_1618"", ""price"": 42.28, ""atr_dist"": 3.4}, {""type"": ""fib_2000"", ""price"": 43.46, ""atr_dist"": 4.17}, {""type"": ""fib_2618"", ""price"": 45.38, ""atr_dist"": 5.42}]"	NONE	True	False	15.8	48.8	INTERRUPTED	35.55	no valid bracket — no structural support passes the 3 gates (atr≥1.0, rr≥2.0, risk%≤regime ceiling)
ABBV	73.7	73.1	76.8	RANGE	BUILDING	ACCELERATING	0.96	"{""leadership"": ""warn"", ""coil"": ""strong"", ""insti_money"": ""ok"", ""structure"": ""ok"", ""resistance"": ""strong"", ""extension"": null, ""sector"": ""strong""}"	strong	ok	strong	6.84	253.29	247.99	226.56	6.16	False	NONE	BULLISH	NONE	0	264.96	null	null	null	null	null	False	"[{""type"": ""resistance"", ""price"": 267.47, ""date"": ""2026-07-29"", ""atr_dist"": 0.41, ""vol_ratio"": 0.93, ""vol_validated"": false}, {""type"": ""fib_1272"", ""price"": 274.11, ""atr_dist"": 1.48}, {""type"": ""fib_1618"", ""price"": 282.55, ""atr_dist"": 2.85}, {""type"": ""fib_2000"", ""price"": 291.87, ""atr_dist"": 4.37}, {""type"": ""fib_2618"", ""price"": 306.95, ""atr_dist"": 6.81}]"	NONE	False	False	10.3	70.1	ACCELERATION	258.8	no valid bracket — no structural support passes the 3 gates (atr≥1.0, rr≥2.0, risk%≤regime ceiling)
DXCM	57.9	59.7	74.1	ABOVE_STRUCTURE	STRONG	ACCELERATING	0.61	"{""leadership"": ""strong"", ""coil"": ""warn"", ""insti_money"": ""warn"", ""structure"": ""ok"", ""resistance"": ""strong"", ""extension"": null, ""sector"": ""strong""}"	warn	ok	strong	18.95	85.3	77.63	69.32	2.81	False	NONE	BULLISH	NONE	0	92.34	null	null	null	null	null	False	"[{""type"": ""prior_high"", ""price"": 92.56, ""atr_dist"": 0.08}, {""type"": ""fib_1272"", ""price"": 98.75, ""atr_dist"": 2.28}, {""type"": ""fib_1618"", ""price"": 106.63, ""atr_dist"": 5.08}, {""type"": ""fib_2000"", ""price"": 115.33, ""atr_dist"": 8.18}, {""type"": ""fib_2618"", ""price"": 129.4, ""atr_dist"": 13.18}]"	NONE	False	False	25.0	19.5	null	89.53	no valid bracket — no structural support passes the 3 gates (atr≥1.0, rr≥2.0, risk%≤regime ceiling)
SU	65.8	80.7	71.6	BULLISH_BOS	FADING	DECELERATING	0.46	"{""leadership"": ""strong"", ""coil"": ""ok"", ""insti_money"": ""strong"", ""structure"": ""strong"", ""resistance"": ""strong"", ""extension"": null, ""sector"": ""strong""}"	ok	strong	strong	11.67	65.09	61.27	56.87	1.68	False	NONE	BULLISH	BEARISH	1	68.42	null	null	null	null	null	False	"[{""type"": ""resistance"", ""price"": 70.2, ""date"": ""2026-05-19"", ""atr_dist"": 1.06, ""vol_ratio"": 1.05, ""vol_validated"": false}, {""type"": ""fib_1272"", ""price"": 73.29, ""atr_dist"": 2.91}, {""type"": ""fib_1618"", ""price"": 77.1, ""atr_dist"": 5.18}, {""type"": ""fib_2000"", ""price"": 81.31, ""atr_dist"": 7.7}, {""type"": ""fib_2618"", ""price"": 88.12, ""atr_dist"": 11.76}]"	NONE	False	False	14.2	33.7	SUSTAINED	66.75	no valid bracket — no structural support passes the 3 gates (atr≥1.0, rr≥2.0, risk%≤regime ceiling)
FIGR	88.2	63.0	86.7	ABOVE_STRUCTURE	STRONG	ACCELERATING	1.22	"{""leadership"": ""--"", ""coil"": ""warn"", ""insti_money"": ""ok"", ""structure"": ""ok"", ""resistance"": ""ok"", ""extension"": null, ""sector"": ""warn""}"	warn	ok	ok	30.36	30.32	29.99	36.94	2.46	False	NONE	BULLISH	BULLISH	0	39.1	null	null	null	null	null	False	"[{""type"": ""resistance"", ""price"": 42.27, ""date"": ""2026-03-11"", ""atr_dist"": 1.29, ""vol_ratio"": 1.54, ""vol_validated"": true}, {""type"": ""resistance"", ""price"": 44.67, ""date"": ""2026-05-15"", ""atr_dist"": 2.26, ""vol_ratio"": 1.33, ""vol_validated"": true}, {""type"": ""fib_1272"", ""price"": 47.26, ""atr_dist"": 3.31}, {""type"": ""fib_1618"", ""price"": 50.57, ""atr_dist"": 4.65}, {""type"": ""fib_2000"", ""price"": 54.21, ""atr_dist"": 6.13}, {""type"": ""fib_2618"", ""price"": 60.11, ""atr_dist"": 8.52}]"	NONE	False	False	48.8	47.4	CORRECTION_REENTRY	36.64	no valid bracket — no structural support passes the 3 gates (atr≥1.0, rr≥2.0, risk%≤regime ceiling)
PBR-A	61.8	75.6	70.5	BULLISH_BOS	BUILDING	DECELERATING	0.85	"{""leadership"": ""strong"", ""coil"": ""strong"", ""insti_money"": ""strong"", ""structure"": ""strong"", ""resistance"": ""strong"", ""extension"": null, ""sector"": ""strong""}"	strong	strong	strong	8.42	16.45	15.88	15.32	0.41	False	NONE	BULLISH	BEARISH	2	17.22	16.45	ma20	1.86	4.47	3.45	True	"[{""type"": ""resistance"", ""price"": 19.34, ""tp"": ""TP1"", ""r"": 2.75, ""atr_dist"": 5.13, ""date"": ""2026-03-31"", ""vol_ratio"": 1.53, ""vol_validated"": true}, {""type"": ""resistance"", ""price"": 19.88, ""tp"": ""TP2"", ""r"": 3.45, ""atr_dist"": 6.44, ""date"": ""2026-04-13"", ""vol_ratio"": 0.49, ""vol_validated"": false}, {""type"": ""fib_1272"", ""price"": 20.61, ""tp"": ""TP3"", ""r"": 4.4, ""atr_dist"": 8.21}, {""type"": ""fib_1618"", ""price"": 21.32, ""tp"": null, ""r"": 5.32, ""atr_dist"": 9.93}, {""type"": ""fib_2000"", ""price"": 22.11, ""tp"": null, ""r"": 6.35, ""atr_dist"": 11.84}, {""type"": ""fib_2618"", ""price"": 23.38, ""tp"": null, ""r"": 8.0, ""atr_dist"": 14.92}]"	NONE	False	False	8.8	83.0	ACCELERATION	16.81	null
TMO	67.1	68.9	73.7	ABOVE_STRUCTURE	FADING	ACCELERATING	0.79	"{""leadership"": ""strong"", ""coil"": ""ok"", ""insti_money"": ""ok"", ""structure"": ""ok"", ""resistance"": ""strong"", ""extension"": null, ""sector"": ""strong""}"	ok	ok	strong	16.17	589.54	541.68	533.8	16.07	False	NONE	BULLISH	NONE	0	629.27	null	null	null	null	null	False	"[{""type"": ""prior_high"", ""price"": 634.7, ""atr_dist"": 0.34}, {""type"": ""fib_1272"", ""price"": 672.69, ""atr_dist"": 2.7}, {""type"": ""fib_1618"", ""price"": 721.01, ""atr_dist"": 5.71}, {""type"": ""fib_2000"", ""price"": 774.36, ""atr_dist"": 9.03}, {""type"": ""fib_2618"", ""price"": 860.67, ""atr_dist"": 14.4}]"	NONE	False	False	13.2	68.1	ACCELERATION	613.2	no valid bracket — no structural support passes the 3 gates (atr≥1.0, rr≥2.0, risk%≤regime ceiling)
MAN	61.8	73.1	84.2	ABOVE_STRUCTURE	BUILDING	DECELERATING	0.83	"{""leadership"": ""strong"", ""coil"": ""ok"", ""insti_money"": ""ok"", ""structure"": ""ok"", ""resistance"": ""strong"", ""extension"": null, ""sector"": ""warn""}"	ok	ok	strong	32.65	56.43	46.32	33.69	2.38	False	NONE	BULLISH	NONE	0	61.45	null	null	null	null	null	False	"[{""type"": ""prior_high"", ""price"": 62.45, ""atr_dist"": 0.42}, {""type"": ""fib_1272"", ""price"": 66.14, ""atr_dist"": 1.97}, {""type"": ""fib_1618"", ""price"": 70.84, ""atr_dist"": 3.94}, {""type"": ""fib_2000"", ""price"": 76.02, ""atr_dist"": 6.11}, {""type"": ""fib_2618"", ""price"": 84.41, ""atr_dist"": 9.63}]"	NONE	False	False	21.3	47.2	ACCUMULATION_BASE	59.07	no valid bracket — no structural support passes the 3 gates (atr≥1.0, rr≥2.0, risk%≤regime ceiling)
BRZE	75.0	77.3	83.6	ABOVE_STRUCTURE	STRONG	null	1.51	"{""leadership"": ""--"", ""coil"": ""--"", ""insti_money"": ""--"", ""structure"": ""ok"", ""resistance"": ""--"", ""extension"": null, ""sector"": ""strong""}"	--	ok	--	25.92	27.45	24.67	24.5	1.59	False	null	null	null	null	31.06	null	null	null	null	null	False	"[{""type"": ""prior_high"", ""price"": 31.43, ""atr_dist"": 0.23}, {""type"": ""fib_1272"", ""price"": 34.29, ""atr_dist"": 2.03}, {""type"": ""fib_1618"", ""price"": 37.92, ""atr_dist"": 4.32}, {""type"": ""fib_2000"", ""price"": 41.93, ""atr_dist"": 6.84}, {""type"": ""fib_2618"", ""price"": 48.42, ""atr_dist"": 10.93}]"	null	null	null	33.5	37.1	null	29.47	no valid bracket — no structural support passes the 3 gates (atr≥1.0, rr≥2.0, risk%≤regime ceiling)
VSXY	27.6	50.0	38.9	RANGE	BUILDING	FLAT	0.67	"{""leadership"": ""strong"", ""coil"": ""strong"", ""insti_money"": ""ok"", ""structure"": ""ok"", ""resistance"": ""warn"", ""extension"": null, ""sector"": ""strong""}"	strong	ok	warn	0.85	89.85	84.67	60.43	4.22	False	NONE	BULLISH	BEARISH	2	85.39	80.56	fib_786	1.15	5.66	3.53	True	"[{""type"": ""resistance"", ""price"": 88.57, ""tp"": ""TP1"", ""r"": 0.66, ""atr_dist"": 0.75, ""date"": ""2026-06-26"", ""vol_ratio"": 1.91, ""vol_validated"": true}, {""type"": ""resistance"", ""price"": 102.46, ""tp"": ""TP2"", ""r"": 3.53, ""atr_dist"": 4.05, ""date"": ""2026-08-10"", ""vol_ratio"": 1.07, ""vol_validated"": false}, {""type"": ""fib_1272"", ""price"": 110.04, ""tp"": ""TP3"", ""r"": 5.1, ""atr_dist"": 5.84}, {""type"": ""fib_1618"", ""price"": 119.68, ""tp"": null, ""r"": 7.1, ""atr_dist"": 8.13}, {""type"": ""fib_2000"", ""price"": 130.32, ""tp"": null, ""r"": 9.3, ""atr_dist"": 10.65}, {""type"": ""fib_2618"", ""price"": 147.54, ""tp"": null, ""r"": 12.87, ""atr_dist"": 14.73}]"	NONE	False	False	null	null	null	81.17	null
DBRG	15.8	71.4	62.1	RANGE	FADING	DECELERATING	0.91	"{""leadership"": ""strong"", ""coil"": ""ok"", ""insti_money"": ""warn"", ""structure"": ""ok"", ""resistance"": ""strong"", ""extension"": null, ""sector"": ""warn""}"	ok	ok	strong	0.7	15.9	15.82	14.85	0.04	False	NONE	BULLISH	NONE	0	15.93	null	null	null	null	null	False	"[{""type"": ""resistance"", ""price"": 15.95, ""date"": ""2026-08-05"", ""atr_dist"": 0.48}, {""type"": ""fib_1272"", ""price"": 15.99, ""atr_dist"": 1.43}, {""type"": ""fib_2000"", ""price"": 16.04, ""atr_dist"": 2.62}, {""type"": ""fib_2618"", ""price"": 16.08, ""atr_dist"": 3.57}]"	NONE	False	False	null	null	null	15.89	no valid bracket — no structural support passes the 3 gates (atr≥1.0, rr≥2.0, risk%≤regime ceiling)
CVX	78.9	68.9	71.6	ABOVE_STRUCTURE	FADING	DECELERATING	0.91	"{""leadership"": ""strong"", ""coil"": ""ok"", ""insti_money"": ""strong"", ""structure"": ""ok"", ""resistance"": ""strong"", ""extension"": null, ""sector"": ""strong""}"	ok	ok	strong	10.56	195.77	185.67	178.59	4.08	False	NONE	BULLISH	NONE	0	205.27	null	null	null	null	null	False	"[{""type"": ""resistance"", ""price"": 214.71, ""date"": ""2026-03-30"", ""atr_dist"": 2.31, ""vol_ratio"": 0.69, ""vol_validated"": false}, {""type"": ""fib_1272"", ""price"": 223.02, ""atr_dist"": 4.35}, {""type"": ""fib_1618"", ""price"": 233.6, ""atr_dist"": 6.94}, {""type"": ""fib_2000"", ""price"": 245.27, ""atr_dist"": 9.8}, {""type"": ""fib_2618"", ""price"": 264.16, ""atr_dist"": 14.43}]"	NONE	False	False	11.7	38.4	null	201.19	no valid bracket — no structural support passes the 3 gates (atr≥1.0, rr≥2.0, risk%≤regime ceiling)
ARM	15.8	42.0	26.3	BEARISH_CHOCH	FADING	DECELERATING	0.69	"{""leadership"": ""warn"", ""coil"": ""strong"", ""insti_money"": ""warn"", ""structure"": ""warn"", ""resistance"": ""warn"", ""extension"": null, ""sector"": ""strong""}"	strong	warn	warn	-19.53	260.78	302.36	197.14	20.9	False	NONE	BEARISH	BULLISH	0	243.32	219.39	swing_low_1	1.15	9.83	7.72	True	"[{""type"": ""resistance"", ""price"": 299.29, ""tp"": ""TP1"", ""r"": 2.34, ""atr_dist"": 2.68, ""date"": ""2026-08-07"", ""vol_ratio"": 0.61, ""vol_validated"": false}, {""type"": ""resistance"", ""price"": 427.99, ""tp"": ""TP2"", ""r"": 7.72, ""atr_dist"": 8.84, ""date"": ""2026-06-02"", ""vol_ratio"": 1.15, ""vol_validated"": false}, {""type"": ""resistance"", ""price"": 452.7, ""tp"": ""TP3"", ""r"": 8.75, ""atr_dist"": 10.02, ""date"": ""2026-06-18"", ""vol_ratio"": 2.42, ""vol_validated"": true}, {""type"": ""fib_1272"", ""price"": 494.68, ""tp"": null, ""r"": 10.5, ""atr_dist"": 12.03}, {""type"": ""fib_1618"", ""price"": 548.07, ""tp"": null, ""r"": 12.74, ""atr_dist"": 14.58}, {""type"": ""fib_2000"", ""price"": 607.02, ""tp"": null, ""r"": 15.2, ""atr_dist"": 17.4}, {""type"": ""fib_2618"", ""price"": 702.39, ""tp"": null, ""r"": 19.18, ""atr_dist"": 21.97}]"	NONE	False	False	null	null	null	222.42	null
PAYX	57.9	84.0	76.8	RANGE	BUILDING	ACCELERATING	0.72	"{""leadership"": ""warn"", ""coil"": ""strong"", ""insti_money"": ""warn"", ""structure"": ""ok"", ""resistance"": ""ok"", ""extension"": null, ""sector"": ""warn""}"	strong	ok	ok	12.16	120.15	110.99	103.39	3.47	False	NONE	BULLISH	BEARISH	3	124.48	null	null	null	null	null	False	"[{""type"": ""resistance"", ""price"": 124.74, ""date"": ""2026-07-29"", ""atr_dist"": 0.07, ""vol_ratio"": 1.47, ""vol_validated"": true}, {""type"": ""fib_1272"", ""price"": 130.39, ""atr_dist"": 1.7}, {""type"": ""fib_1618"", ""price"": 136.11, ""atr_dist"": 3.35}, {""type"": ""fib_2000"", ""price"": 142.42, ""atr_dist"": 5.17}, {""type"": ""fib_2618"", ""price"": 152.63, ""atr_dist"": 8.11}]"	NONE	True	False	10.2	50.8	ACCUMULATION_BASE	121.01	no valid bracket — no structural support passes the 3 gates (atr≥1.0, rr≥2.0, risk%≤regime ceiling)
TTEK	63.2	59.7	73.7	ABOVE_STRUCTURE	FADING	ACCELERATING	1.04	"{""leadership"": ""ok"", ""coil"": ""warn"", ""insti_money"": ""warn"", ""structure"": ""ok"", ""resistance"": ""strong"", ""extension"": null, ""sector"": ""warn""}"	warn	ok	strong	16.21	34.92	31.84	32.83	1.06	False	NONE	BULLISH	NONE	0	37.0	null	null	null	null	null	False	"[{""type"": ""prior_high"", ""price"": 37.44, ""atr_dist"": 0.41}, {""type"": ""fib_1272"", ""price"": 39.35, ""atr_dist"": 2.21}, {""type"": ""fib_1618"", ""price"": 41.78, ""atr_dist"": 4.49}, {""type"": ""fib_2000"", ""price"": 44.47, ""atr_dist"": 7.01}, {""type"": ""fib_2618"", ""price"": 48.81, ""atr_dist"": 11.09}]"	NONE	False	False	17.0	33.9	CORRECTION_REENTRY	35.94	no valid bracket — no structural support passes the 3 gates (atr≥1.0, rr≥2.0, risk%≤regime ceiling)
T	57.9	73.9	81.1	BEARISH_CHOCH	FADING	DECELERATING	0.64	"{""leadership"": ""warn"", ""coil"": ""ok"", ""insti_money"": ""warn"", ""structure"": ""warn"", ""resistance"": ""strong"", ""extension"": null, ""sector"": ""strong""}"	ok	warn	strong	10.41	24.22	22.91	25.11	0.58	False	NONE	BULLISH	NONE	0	25.29	null	null	null	null	null	False	"[{""type"": ""resistance"", ""price"": 25.32, ""date"": ""2026-07-28"", ""atr_dist"": 0.05, ""vol_ratio"": 0.63, ""vol_validated"": false}, {""type"": ""resistance"", ""price"": 26.76, ""date"": ""2026-04-23"", ""atr_dist"": 2.55, ""vol_ratio"": 1.21, ""vol_validated"": true}, {""type"": ""resistance"", ""price"": 29.44, ""date"": ""2026-03-24"", ""atr_dist"": 7.2, ""vol_ratio"": 0.89, ""vol_validated"": false}, {""type"": ""fib_1272"", ""price"": 30.18, ""atr_dist"": 8.49}, {""type"": ""fib_1618"", ""price"": 31.11, ""atr_dist"": 10.1}, {""type"": ""fib_2000"", ""price"": 32.15, ""atr_dist"": 11.91}, {""type"": ""fib_2618"", ""price"": 33.82, ""atr_dist"": 14.81}]"	NONE	False	False	12.5	29.7	null	24.71	no valid bracket — no structural support passes the 3 gates (atr≥1.0, rr≥2.0, risk%≤regime ceiling)
AMCR	50.0	73.1	73.7	BULLISH_BOS	BUILDING	ACCELERATING	0.75	"{""leadership"": ""ok"", ""coil"": ""strong"", ""insti_money"": ""warn"", ""structure"": ""strong"", ""resistance"": ""strong"", ""extension"": null, ""sector"": ""strong""}"	strong	strong	strong	9.82	46.62	44.24	42.51	1.25	False	NONE	BULLISH	BEARISH	3	48.59	null	null	null	null	null	False	"[{""type"": ""prior_high"", ""price"": 48.77, ""atr_dist"": 0.14}, {""type"": ""fib_1272"", ""price"": 50.63, ""atr_dist"": 1.64}, {""type"": ""fib_1618"", ""price"": 52.99, ""atr_dist"": 3.53}, {""type"": ""fib_2000"", ""price"": 55.6, ""atr_dist"": 5.62}, {""type"": ""fib_2618"", ""price"": 59.82, ""atr_dist"": 9.01}]"	NONE	False	False	9.4	90.4	ACCUMULATION_BASE	47.34	no valid bracket — no structural support passes the 3 gates (atr≥1.0, rr≥2.0, risk%≤regime ceiling)
NTNX	75.0	71.4	73.7	RANGE	FADING	ACCELERATING	1.27	"{""leadership"": ""warn"", ""coil"": ""ok"", ""insti_money"": ""ok"", ""structure"": ""ok"", ""resistance"": ""ok"", ""extension"": null, ""sector"": ""strong""}"	ok	ok	ok	20.41	62.95	56.17	48.88	2.12	False	NONE	BULLISH	NONE	0	67.64	null	null	null	null	null	False	"[{""type"": ""resistance"", ""price"": 68.8, ""date"": ""2026-08-14"", ""atr_dist"": 0.55, ""vol_ratio"": 0.91, ""vol_validated"": false}, {""type"": ""fib_1272"", ""price"": 73.29, ""atr_dist"": 2.67}, {""type"": ""fib_1618"", ""price"": 78.99, ""atr_dist"": 5.36}, {""type"": ""fib_2000"", ""price"": 85.29, ""atr_dist"": 8.33}, {""type"": ""fib_2618"", ""price"": 95.48, ""atr_dist"": 13.14}]"	NONE	False	False	21.2	23.2	null	65.52	no valid bracket — no structural support passes the 3 gates (atr≥1.0, rr≥2.0, risk%≤regime ceiling)
ELS	28.9	74.8	54.7	BEARISH_CHOCH	BUILDING	FLAT	0.79	"{""leadership"": ""warn"", ""coil"": ""strong"", ""insti_money"": ""warn"", ""structure"": ""warn"", ""resistance"": ""ok"", ""extension"": null, ""sector"": ""ok""}"	strong	warn	ok	1.17	65.2	64.7	63.75	1.21	False	NONE	BULLISH	NONE	0	65.46	null	null	null	null	null	False	"[{""type"": ""resistance"", ""price"": 66.25, ""date"": ""2026-04-21"", ""atr_dist"": 0.65, ""vol_ratio"": 1.51, ""vol_validated"": true}, {""type"": ""resistance"", ""price"": 67.78, ""date"": ""2026-07-29"", ""atr_dist"": 1.92, ""vol_ratio"": 1.3, ""vol_validated"": true}, {""type"": ""resistance"", ""price"": 69.0, ""date"": ""2026-03-13"", ""atr_dist"": 2.93, ""vol_ratio"": 0.73, ""vol_validated"": false}, {""type"": ""fib_1272"", ""price"": 69.68, ""atr_dist"": 3.49}, {""type"": ""fib_1618"", ""price"": 70.55, ""atr_dist"": 4.21}, {""type"": ""fib_2000"", ""price"": 71.5, ""atr_dist"": 4.99}, {""type"": ""fib_2618"", ""price"": 73.05, ""atr_dist"": 6.27}]"	NONE	True	False	6.6	41.3	INTERRUPTED	64.25	no valid bracket — no structural support passes the 3 gates (atr≥1.0, rr≥2.0, risk%≤regime ceiling)
NEM	71.1	63.0	84.2	ABOVE_STRUCTURE	STRONG	DECELERATING	1.42	"{""leadership"": ""strong"", ""coil"": ""warn"", ""insti_money"": ""warn"", ""structure"": ""ok"", ""resistance"": ""ok"", ""extension"": null, ""sector"": ""strong""}"	warn	ok	ok	29.59	109.32	101.54	106.36	4.57	False	NONE	BULLISH	NONE	0	131.58	null	null	null	null	null	False	"[{""type"": ""prior_high"", ""price"": 132.34, ""atr_dist"": 0.17}, {""type"": ""fib_1272"", ""price"": 144.13, ""atr_dist"": 2.74}, {""type"": ""fib_1618"", ""price"": 159.14, ""atr_dist"": 6.03}, {""type"": ""fib_2000"", ""price"": 175.7, ""atr_dist"": 9.65}, {""type"": ""fib_2618"", ""price"": 202.5, ""atr_dist"": 15.51}]"	NONE	False	False	39.2	34.0	null	127.01	no valid bracket — no structural support passes the 3 gates (atr≥1.0, rr≥2.0, risk%≤regime ceiling)
LLY	78.9	63.0	68.4	BULLISH_BOS	BUILDING	ACCELERATING	0.88	"{""leadership"": ""strong"", ""coil"": ""warn"", ""insti_money"": ""strong"", ""structure"": ""strong"", ""resistance"": ""strong"", ""extension"": null, ""sector"": ""strong""}"	warn	strong	strong	6.43	1198.1	1179.58	1052.98	41.92	False	NONE	BULLISH	BULLISH	0	1255.4	null	null	null	null	null	False	"[{""type"": ""prior_high"", ""price"": 1292.65, ""atr_dist"": 0.89}, {""type"": ""fib_1272"", ""price"": 1342.56, ""atr_dist"": 2.08}, {""type"": ""fib_1618"", ""price"": 1406.05, ""atr_dist"": 3.59}, {""type"": ""fib_2000"", ""price"": 1476.15, ""atr_dist"": 5.27}, {""type"": ""fib_2618"", ""price"": 1589.55, ""atr_dist"": 7.97}]"	NONE	False	False	15.3	68.8	ACCELERATION	1213.48	no valid bracket — no structural support passes the 3 gates (atr≥1.0, rr≥2.0, risk%≤regime ceiling)
VALE	36.8	39.2	34.7	RANGE	BUILDING	DECELERATING	1.19	"{""leadership"": ""strong"", ""coil"": ""ok"", ""insti_money"": ""warn"", ""structure"": ""ok"", ""resistance"": ""warn"", ""extension"": null, ""sector"": ""strong""}"	ok	ok	warn	-0.93	14.46	14.73	15.02	0.4	False	NONE	BEARISH	BULLISH	0	14.59	14.01	swing_low_3	1.44	3.98	3.05	True	"[{""type"": ""resistance"", ""price"": 15.15, ""tp"": ""TP1"", ""r"": 0.97, ""atr_dist"": 1.39, ""date"": ""2026-07-31"", ""vol_ratio"": 1.31, ""vol_validated"": true}, {""type"": ""resistance"", ""price"": 16.36, ""tp"": ""TP2"", ""r"": 3.05, ""atr_dist"": 4.38, ""date"": ""2026-06-15"", ""vol_ratio"": 1.47, ""vol_validated"": true}, {""type"": ""resistance"", ""price"": 16.94, ""tp"": ""TP3"", ""r"": 4.05, ""atr_dist"": 5.82, ""date"": ""2026-06-02"", ""vol_ratio"": 1.11, ""vol_validated"": false}, {""type"": ""resistance"", ""price"": 17.28, ""tp"": null, ""r"": 4.64, ""atr_dist"": 6.66, ""date"": ""2026-05-13"", ""vol_ratio"": 1.69, ""vol_validated"": true}, {""type"": ""prior_high"", ""price"": 17.94, ""tp"": null, ""r"": 5.78, ""atr_dist"": 8.29}, {""type"": ""fib_1272"", ""price"": 19.01, ""tp"": null, ""r"": 7.62, ""atr_dist"": 10.94}, {""type"": ""fib_1618"", ""price"": 20.37, ""tp"": null, ""r"": 9.97, ""atr_dist"": 14.31}, {""type"": ""fib_2000"", ""price"": 21.88, ""tp"": null, ""r"": 12.57, ""atr_dist"": 18.04}, {""type"": ""fib_2618"", ""price"": 24.31, ""tp"": null, ""r"": 16.76, ""atr_dist"": 24.06}]"	NONE	False	False	11.1	70.2	ACCUMULATION_BASE	14.19	null
DV	51.3	62.2	78.9	RANGE	STRONG	null	0.24	"{""leadership"": ""--"", ""coil"": ""--"", ""insti_money"": ""--"", ""structure"": ""ok"", ""resistance"": ""--"", ""extension"": null, ""sector"": ""strong""}"	--	ok	--	15.05	12.47	11.57	10.69	0.3	False	null	null	null	null	13.31	null	null	null	null	null	False	"[{""type"": ""resistance"", ""price"": 13.36, ""date"": ""2026-08-07"", ""atr_dist"": 0.17, ""vol_ratio"": 9.9, ""vol_validated"": true}, {""type"": ""fib_1272"", ""price"": 14.18, ""atr_dist"": 2.93}, {""type"": ""fib_1618"", ""price"": 15.22, ""atr_dist"": 6.43}, {""type"": ""fib_2000"", ""price"": 16.37, ""atr_dist"": 10.3}, {""type"": ""fib_2618"", ""price"": 18.23, ""atr_dist"": 16.57}]"	null	null	null	21.6	2.4	null	13.01	no valid bracket — no structural support passes the 3 gates (atr≥1.0, rr≥2.0, risk%≤regime ceiling)
PFE	59.2	64.7	84.2	ABOVE_STRUCTURE	STRONG	ACCELERATING	0.91	"{""leadership"": ""ok"", ""coil"": ""warn"", ""insti_money"": ""warn"", ""structure"": ""ok"", ""resistance"": ""ok"", ""extension"": null, ""sector"": ""strong""}"	warn	ok	ok	10.68	26.3	25.36	25.99	0.61	False	NONE	BULLISH	NONE	0	28.07	null	null	null	null	null	False	"[{""type"": ""resistance"", ""price"": 28.75, ""date"": ""2026-04-02"", ""atr_dist"": 1.12, ""vol_ratio"": 0.73, ""vol_validated"": false}, {""type"": ""fib_1272"", ""price"": 29.38, ""atr_dist"": 2.15}, {""type"": ""fib_1618"", ""price"": 30.18, ""atr_dist"": 3.47}, {""type"": ""fib_2000"", ""price"": 31.06, ""atr_dist"": 4.92}, {""type"": ""fib_2618"", ""price"": 32.49, ""atr_dist"": 7.27}]"	NONE	False	False	15.1	45.4	null	27.46	no valid bracket — no structural support passes the 3 gates (atr≥1.0, rr≥2.0, risk%≤regime ceiling)
FIG	55.3	81.5	83.2	BEARISH_CHOCH	BUILDING	ACCELERATING	0.48	"{""leadership"": ""warn"", ""coil"": ""ok"", ""insti_money"": ""warn"", ""structure"": ""warn"", ""resistance"": ""warn"", ""extension"": null, ""sector"": ""strong""}"	ok	warn	warn	20.67	25.28	22.46	26.72	1.82	False	NONE	BULLISH	NONE	0	27.1	25.28	ma20	1.0	6.72	2.66	True	"[{""type"": ""resistance"", ""price"": 27.74, ""tp"": ""TP1"", ""r"": 0.35, ""atr_dist"": 0.35, ""date"": ""2026-06-01"", ""vol_ratio"": 1.0, ""vol_validated"": false}, {""type"": ""prior_high"", ""price"": 31.94, ""tp"": ""TP2"", ""r"": 2.66, ""atr_dist"": 2.65}, {""type"": ""fib_1272"", ""price"": 33.03, ""tp"": ""TP3"", ""r"": 3.26, ""atr_dist"": 3.25}, {""type"": ""fib_1618"", ""price"": 34.41, ""tp"": null, ""r"": 4.02, ""atr_dist"": 4.01}, {""type"": ""fib_2000"", ""price"": 35.93, ""tp"": null, ""r"": 4.85, ""atr_dist"": 4.84}, {""type"": ""fib_2618"", ""price"": 38.4, ""tp"": null, ""r"": 6.21, ""atr_dist"": 6.2}]"	NONE	False	False	27.4	46.7	ACCELERATION	25.28	null
